Source,TagName,DateTime,State,Value,Unit,Quality,QualityStatus
"STL Domae4 M1 Laser Humidity","STL Domae4 M1 Laser1 Humidity","11/1/2019 12:08:50.000",,"60.660529289696726","%",192,"Good"
"STL Domae4 M1 Laser Humidity","STL Domae4 M1 Laser1 Humidity","11/1/2019 2:24:43.910",,"60.58","%",192,"Good"
"STL Domae4 M1 Laser Humidity","STL Domae4 M1 Laser1 Humidity","11/1/2019 5:36:44.379",,"60.93","%",192,"Good"
"STL Domae4 M1 Laser Humidity","STL Domae4 M1 Laser1 Humidity","11/1/2019 5:44:44.417",,"60.97","%",192,"Good"
"STL Domae4 M1 Laser Humidity","STL Domae4 M1 Laser1 Humidity","11/1/2019 6:16:44.584",,"61.07","%",192,"Good"
"STL Domae4 M1 Laser Humidity","STL Domae4 M1 Laser1 Humidity","11/1/2019 11:18:45.120",,"60.49","%",192,"Good"
"STL Domae4 M1 Laser Humidity","STL Domae4 M1 Laser1 Humidity","11/1/2019 11:20:45.103",,"60.49","%",192,"Good"
"STL Domae4 M1 Laser Humidity","STL Domae4 M1 Laser1 Humidity","11/1/2019 12:22:45.265",,"59.66","%",192,"Good"
"STL Domae4 M1 Laser Humidity","STL Domae4 M1 Laser1 Humidity","11/1/2019 4:54:45.824",,"60.93","%",192,"Good"
"STL Domae4 M1 Laser Humidity","STL Domae4 M1 Laser1 Humidity","11/1/2019 4:56:45.810",,"60.93","%",192,"Good"
"STL Domae4 M1 Laser Humidity","STL Domae4 M1 Laser1 Humidity","11/1/2019 9:14:46.422",,"60.48","%",192,"Good"
"STL Domae4 M1 Laser Humidity","STL Domae4 M1 Laser1 Humidity","11/1/2019 9:40:46.457",,"62.54","%",192,"Good"
"STL Domae4 M1 Laser Humidity","STL Domae4 M1 Laser1 Humidity","11/1/2019 10:28:46.565",,"61.55","%",192,"Good"
"STL Domae4 M1 Laser Humidity","STL Domae4 M1 Laser1 Humidity","11/1/2019 10:30:46.546",,"61.55","%",192,"Good"
"STL Domae4 M1 Laser Humidity","STL Domae4 M1 Laser1 Humidity","11/2/2019 3:22:47.228",,"61.1","%",192,"Good"
"STL Domae4 M1 Laser Humidity","STL Domae4 M1 Laser1 Humidity","11/2/2019 4:04:47.321",,"61.14","%",192,"Good"
"STL Domae4 M1 Laser Humidity","STL Domae4 M1 Laser1 Humidity","11/2/2019 4:06:47.305",,"61.14","%",192,"Good"
"STL Domae4 M1 Laser Humidity","STL Domae4 M1 Laser1 Humidity","11/2/2019 7:24:47.698",,"61.22","%",192,"Good"
"STL Domae4 M1 Laser Humidity","STL Domae4 M1 Laser1 Humidity","11/2/2019 9:26:47.916",,"59.97","%",192,"Good"
"STL Domae4 M1 Laser Humidity","STL Domae4 M1 Laser1 Humidity","11/2/2019 9:40:47.952",,"59.98","%",192,"Good"
"STL Domae4 M1 Laser Humidity","STL Domae4 M1 Laser1 Humidity","11/2/2019 9:44:47.967",,"59.98","%",192,"Good"
"STL Domae4 M1 Laser Humidity","STL Domae4 M1 Laser1 Humidity","11/2/2019 10:06:48.078",,"59.61","%",192,"Good"
"STL Domae4 M1 Laser Humidity","STL Domae4 M1 Laser1 Humidity","11/2/2019 3:04:48.667",,"66.51","%",192,"Good"
"STL Domae4 M1 Laser Humidity","STL Domae4 M1 Laser1 Humidity","11/2/2019 3:16:48.739",,"66.51","%",192,"Good"
"STL Domae4 M1 Laser Humidity","STL Domae4 M1 Laser1 Humidity","11/2/2019 3:18:48.688",,"66.51","%",192,"Good"
"STL Domae4 M1 Laser Humidity","STL Domae4 M1 Laser1 Humidity","11/2/2019 8:30:49.303",,"67.47","%",192,"Good"
"STL Domae4 M1 Laser Humidity","STL Domae4 M1 Laser1 Humidity","11/2/2019 8:32:49.291",,"67.47","%",192,"Good"
"STL Domae4 M1 Laser Humidity","STL Domae4 M1 Laser1 Humidity","11/4/2019 8:37:13.103",,"68.73","%",192,"Good"
"STL Domae4 M1 Laser Humidity","STL Domae4 M1 Laser1 Humidity","11/4/2019 11:59:12.000",,"67.21","%",192,"Good"
"STL Domae4 M1 Laser Humidity","STL Domae4 M1 Laser1 Humidity","11/4/2019 12:01:11.428",,"67.21","%",192,"Good"
"STL Domae4 M1 Laser Humidity","STL Domae4 M1 Laser1 Humidity","11/4/2019 5:11:12.282",,"65.24","%",192,"Good"
"STL Domae4 M1 Laser Humidity","STL Domae4 M1 Laser1 Humidity","11/4/2019 5:35:11.606",,"65.65","%",192,"Good"
"STL Domae4 M1 Laser Humidity","STL Domae4 M1 Laser1 Humidity","11/4/2019 5:37:11.587",,"65.65","%",192,"Good"
"STL Domae4 M1 Laser Humidity","STL Domae4 M1 Laser1 Humidity","11/4/2019 7:01:11.833",,"65.76","%",192,"Good"
"STL Domae4 M1 Laser Humidity","STL Domae4 M1 Laser1 Humidity","11/4/2019 9:39:11.999",,"64.92","%",192,"Good"
"STL Domae4 M1 Laser Humidity","STL Domae4 M1 Laser1 Humidity","11/4/2019 11:11:12.178",,"65.43","%",192,"Good"
"STL Domae4 M1 Laser Humidity","STL Domae4 M1 Laser1 Humidity","11/4/2019 11:13:12.752",,"65.42","%",192,"Good"
"STL Domae4 M1 Laser Humidity","STL Domae4 M1 Laser1 Humidity","11/4/2019 11:25:12.228",,"65.54","%",192,"Good"
"STL Domae4 M1 Laser Humidity","STL Domae4 M1 Laser1 Humidity","11/5/2019 4:45:12.885",,"63.51","%",192,"Good"
"STL Domae4 M1 Laser Humidity","STL Domae4 M1 Laser1 Humidity","11/5/2019 4:47:12.891",,"63.51","%",192,"Good"
"STL Domae4 M1 Laser Humidity","STL Domae4 M1 Laser1 Humidity","11/5/2019 4:49:12.913",,"63.37","%",192,"Good"
"STL Domae4 M1 Laser Humidity","STL Domae4 M1 Laser1 Humidity","11/5/2019 4:51:12.980",,"63.32","%",192,"Good"
"STL Domae4 M1 Laser Humidity","STL Domae4 M1 Laser1 Humidity","11/5/2019 7:11:13.224",,"64.08","%",192,"Good"
"STL Domae4 M1 Laser Humidity","STL Domae4 M1 Laser1 Humidity","11/5/2019 10:21:13.654",,"63.64","%",192,"Good"
"STL Domae4 M1 Laser Humidity","STL Domae4 M1 Laser1 Humidity","11/5/2019 10:23:13.641",,"63.64","%",192,"Good"
"STL Domae4 M1 Laser Humidity","STL Domae4 M1 Laser1 Humidity","11/5/2019 1:55:13.978",,"64.03","%",192,"Good"
"STL Domae4 M1 Laser Humidity","STL Domae4 M1 Laser1 Humidity","11/5/2019 3:29:14.653",,"62.26","%",192,"Good"
"STL Domae4 M1 Laser Humidity","STL Domae4 M1 Laser1 Humidity","11/5/2019 3:57:14.232",,"62.26","%",192,"Good"
"STL Domae4 M1 Laser Humidity","STL Domae4 M1 Laser1 Humidity","11/5/2019 3:59:14.266",,"62.26","%",192,"Good"
"STL Domae4 M1 Laser Humidity","STL Domae4 M1 Laser1 Humidity","11/5/2019 8:19:14.718",,"61.05","%",192,"Good"
"STL Domae4 M1 Laser Humidity","STL Domae4 M1 Laser1 Humidity","11/5/2019 9:31:14.893",,"62.77","%",192,"Good"
"STL Domae4 M1 Laser Humidity","STL Domae4 M1 Laser1 Humidity","11/5/2019 9:35:14.904",,"62.85","%",192,"Good"
"STL Domae4 M1 Laser Humidity","STL Domae4 M1 Laser1 Humidity","11/5/2019 9:37:14.901",,"62.84","%",192,"Good"
"STL Domae4 M1 Laser Humidity","STL Domae4 M1 Laser1 Humidity","11/6/2019 1:49:15.600",,"63.7","%",192,"Good"
"STL Domae4 M1 Laser Humidity","STL Domae4 M1 Laser1 Humidity","11/6/2019 3:09:15.539",,"63.29","%",192,"Good"
"STL Domae4 M1 Laser Humidity","STL Domae4 M1 Laser1 Humidity","11/6/2019 3:11:15.589",,"63.29","%",192,"Good"
"STL Domae4 M1 Laser Humidity","STL Domae4 M1 Laser1 Humidity","11/6/2019 8:13:16.031",,"61.1","%",192,"Good"
"STL Domae4 M1 Laser Humidity","STL Domae4 M1 Laser1 Humidity","11/6/2019 8:43:16.112",,"61.97","%",192,"Good"
"STL Domae4 M1 Laser Humidity","STL Domae4 M1 Laser1 Humidity","11/6/2019 8:45:16.116",,"62.03","%",192,"Good"
"STL Domae4 M1 Laser Humidity","STL Domae4 M1 Laser1 Humidity","11/6/2019 11:27:16.428",,"63.4","%",192,"Good"
"STL Domae4 M1 Laser Humidity","STL Domae4 M1 Laser1 Humidity","11/6/2019 1:07:16.724",,"62.74","%",192,"Good"
"STL Domae4 M1 Laser Humidity","STL Domae4 M1 Laser1 Humidity","11/7/2019 10:31:50.205",,"62.03","%",192,"Good"
"STL Domae4 M1 Laser Humidity","STL Domae4 M1 Laser1 Humidity","11/7/2019 12:39:47.887",,"61.66","%",192,"Good"
"STL Domae4 M1 Laser Humidity","STL Domae4 M1 Laser1 Humidity","11/7/2019 12:41:47.995",,"61.66","%",192,"Good"
"STL Domae4 M1 Laser Humidity","STL Domae4 M1 Laser1 Humidity","11/7/2019 12:43:47.937",,"61.67","%",192,"Good"
"STL Domae4 M1 Laser Humidity","STL Domae4 M1 Laser1 Humidity","11/7/2019 12:45:47.772",,"61.68","%",192,"Good"
"STL Domae4 M1 Laser Humidity","STL Domae4 M1 Laser1 Humidity","11/7/2019 6:13:49.059",,"59.64","%",192,"Good"
"STL Domae4 M1 Laser Humidity","STL Domae4 M1 Laser1 Humidity","11/7/2019 6:15:49.270",,"59.64","%",192,"Good"
"STL Domae4 M1 Laser Humidity","STL Domae4 M1 Laser1 Humidity","11/7/2019 6:17:49.186",,"59.64","%",192,"Good"
"STL Domae4 M1 Laser Humidity","STL Domae4 M1 Laser1 Humidity","11/7/2019 7:01:50.318",,"59.63","%",192,"Good"
"STL Domae4 M1 Laser Humidity","STL Domae4 M1 Laser1 Humidity","11/7/2019 10:15:49.978",,"62.39","%",192,"Good"
"STL Domae4 M1 Laser Humidity","STL Domae4 M1 Laser1 Humidity","11/7/2019 11:51:50.467",,"61.95","%",192,"Good"
"STL Domae4 M1 Laser Humidity","STL Domae4 M1 Laser1 Humidity","11/7/2019 11:53:50.447",,"61.97","%",192,"Good"
"STL Domae4 M1 Laser Humidity","STL Domae4 M1 Laser1 Humidity","11/8/2019 5:25:50.268",,"59.81","%",192,"Good"
"STL Domae4 M1 Laser Humidity","STL Domae4 M1 Laser1 Humidity","11/8/2019 5:29:50.473",,"59.78","%",192,"Good"
"STL Domae4 M1 Laser Humidity","STL Domae4 M1 Laser1 Humidity","11/8/2019 8:53:50.756",,"59.04","%",192,"Good"
"STL Domae4 M1 Laser Humidity","STL Domae4 M1 Laser1 Humidity","11/8/2019 10:59:50.722",,"60.08","%",192,"Good"
"STL Domae4 M1 Laser Humidity","STL Domae4 M1 Laser1 Humidity","11/8/2019 11:03:50.712",,"60.08","%",192,"Good"
"STL Domae4 M1 Laser Humidity","STL Domae4 M1 Laser1 Humidity","11/8/2019 11:05:50.766",,"60.11","%",192,"Good"
"STL Domae4 M1 Laser Humidity","STL Domae4 M1 Laser1 Humidity","11/8/2019 12:09:50.934",,"59.87","%",192,"Good"
"STL Domae4 M1 Laser Humidity","STL Domae4 M1 Laser1 Humidity","11/8/2019 4:31:51.527",,"61.61","%",192,"Good"
"STL Domae4 M1 Laser Humidity","STL Domae4 M1 Laser1 Humidity","11/8/2019 4:37:51.517",,"61.52","%",192,"Good"
"STL Domae4 M1 Laser Humidity","STL Domae4 M1 Laser1 Humidity","11/8/2019 4:39:51.619",,"61.48","%",192,"Good"
"STL Domae4 M1 Laser Humidity","STL Domae4 M1 Laser1 Humidity","11/8/2019 8:05:51.841",,"59.05","%",192,"Good"
"STL Domae4 M1 Laser Humidity","STL Domae4 M1 Laser1 Humidity","11/8/2019 10:13:52.152",,"61.36","%",192,"Good"
"STL Domae4 M1 Laser Humidity","STL Domae4 M1 Laser1 Humidity","11/8/2019 10:15:52.911",,"61.36","%",192,"Good"
"STL Domae4 M1 Laser Humidity","STL Domae4 M1 Laser1 Humidity","11/8/2019 10:31:52.165",,"61.52","%",192,"Good"
"STL Domae4 M1 Laser Humidity","STL Domae4 M1 Laser1 Humidity","11/9/2019 3:19:52.990",,"60.97","%",192,"Good"
"STL Domae4 M1 Laser Humidity","STL Domae4 M1 Laser1 Humidity","11/9/2019 3:49:53.657",,"61.14","%",192,"Good"
"STL Domae4 M1 Laser Humidity","STL Domae4 M1 Laser1 Humidity","11/9/2019 3:51:53.061",,"61.14","%",192,"Good"
"STL Domae4 M1 Laser Humidity","STL Domae4 M1 Laser1 Humidity","11/9/2019 4:41:53.242",,"60.58","%",192,"Good"
"STL Domae4 M1 Laser Humidity","STL Domae4 M1 Laser1 Humidity","11/9/2019 9:21:55.447",,"65.17","%",192,"Good"
"STL Domae4 M1 Laser Humidity","STL Domae4 M1 Laser1 Humidity","11/11/2019 8:34:52.281",,"67.89","%",192,"Good"
"STL Domae4 M1 Laser Humidity","STL Domae4 M1 Laser1 Humidity","11/11/2019 10:06:50.846",,"65.51","%",192,"Good"
"STL Domae4 M1 Laser Humidity","STL Domae4 M1 Laser1 Humidity","11/11/2019 11:44:50.633",,"66.14","%",192,"Good"
"STL Domae4 M1 Laser Humidity","STL Domae4 M1 Laser1 Humidity","11/11/2019 11:46:50.996",,"66.14","%",192,"Good"
"STL Domae4 M1 Laser Humidity","STL Domae4 M1 Laser1 Humidity","11/11/2019 3:32:51.069",,"66.72","%",192,"Good"
"STL Domae4 M1 Laser Humidity","STL Domae4 M1 Laser1 Humidity","11/11/2019 5:20:51.178",,"64.17","%",192,"Good"
"STL Domae4 M1 Laser Humidity","STL Domae4 M1 Laser1 Humidity","11/11/2019 5:22:51.162",,"64.17","%",192,"Good"
"STL Domae4 M1 Laser Humidity","STL Domae4 M1 Laser1 Humidity","11/11/2019 8:14:51.911",,"63.39","%",192,"Good"
"STL Domae4 M1 Laser Humidity","STL Domae4 M1 Laser1 Humidity","11/11/2019 9:06:51.730",,"64.63","%",192,"Good"
"STL Domae4 M1 Laser Humidity","STL Domae4 M1 Laser1 Humidity","11/11/2019 10:54:52.123",,"64.31","%",192,"Good"
"STL Domae4 M1 Laser Humidity","STL Domae4 M1 Laser1 Humidity","11/11/2019 10:56:52.558",,"64.31","%",192,"Good"
"STL Domae4 M1 Laser Humidity","STL Domae4 M1 Laser1 Humidity","11/11/2019 11:02:52.005",,"64.32","%",192,"Good"
"STL Domae4 M1 Laser Humidity","STL Domae4 M1 Laser1 Humidity","11/12/2019 1:02:52.263",,"63.52","%",192,"Good"
"STL Domae4 M1 Laser Humidity","STL Domae4 M1 Laser1 Humidity","11/12/2019 4:28:53.668",,"63.72","%",192,"Good"
"STL Domae4 M1 Laser Humidity","STL Domae4 M1 Laser1 Humidity","11/12/2019 4:32:53.691",,"63.63","%",192,"Good"
"STL Domae4 M1 Laser Humidity","STL Domae4 M1 Laser1 Humidity","11/12/2019 7:08:53.120",,"61.89","%",192,"Good"
"STL Domae4 M1 Laser Humidity","STL Domae4 M1 Laser1 Humidity","11/12/2019 9:34:53.403",,"63.79","%",192,"Good"
"STL Domae4 M1 Laser Humidity","STL Domae4 M1 Laser1 Humidity","11/12/2019 10:06:53.290",,"63.57","%",192,"Good"
"STL Domae4 M1 Laser Humidity","STL Domae4 M1 Laser1 Humidity","11/12/2019 10:08:53.547",,"63.49","%",192,"Good"
"STL Domae4 M1 Laser Humidity","STL Domae4 M1 Laser1 Humidity","11/12/2019 11:12:53.341",,"63.75","%",192,"Good"
"STL Domae4 M1 Laser Humidity","STL Domae4 M1 Laser1 Humidity","11/12/2019 12:24:53.471",,"62.9","%",192,"Good"
"STL Domae4 M1 Laser Humidity","STL Domae4 M1 Laser1 Humidity","11/12/2019 3:42:53.917",,"63.42","%",192,"Good"
"STL Domae4 M1 Laser Humidity","STL Domae4 M1 Laser1 Humidity","11/12/2019 3:44:53.918",,"63.42","%",192,"Good"
"STL Domae4 M1 Laser Humidity","STL Domae4 M1 Laser1 Humidity","11/12/2019 8:06:54.501",,"61.7","%",192,"Good"
"STL Domae4 M1 Laser Humidity","STL Domae4 M1 Laser1 Humidity","11/12/2019 9:16:54.643",,"62.77","%",192,"Good"
"STL Domae4 M1 Laser Humidity","STL Domae4 M1 Laser1 Humidity","11/12/2019 9:18:54.830",,"62.78","%",192,"Good"
"STL Domae4 M1 Laser Humidity","STL Domae4 M1 Laser1 Humidity","11/12/2019 10:56:55.106",,"62.38","%",192,"Good"
"STL Domae4 M1 Laser Humidity","STL Domae4 M1 Laser1 Humidity","11/13/2019 1:12:55.252",,"63.08","%",192,"Good"
"STL Domae4 M1 Laser Humidity","STL Domae4 M1 Laser1 Humidity","11/13/2019 2:52:56.754",,"62.61","%",192,"Good"
"STL Domae4 M1 Laser Humidity","STL Domae4 M1 Laser1 Humidity","11/13/2019 2:54:55.648",,"62.61","%",192,"Good"
"STL Domae4 M1 Laser Humidity","STL Domae4 M1 Laser1 Humidity","11/13/2019 5:54:55.732",,"60.54","%",192,"Good"
"STL Domae4 M1 Laser Humidity","STL Domae4 M1 Laser1 Humidity","11/13/2019 8:28:55.913",,"61.33","%",192,"Good"
"STL Domae4 M1 Laser Humidity","STL Domae4 M1 Laser1 Humidity","11/13/2019 8:32:56.525",,"61.45","%",192,"Good"
"STL Domae4 M1 Laser Humidity","STL Domae4 M1 Laser1 Humidity","11/13/2019 10:50:56.849",,"62.59","%",192,"Good"
"STL Domae4 M1 Laser Humidity","STL Domae4 M1 Laser1 Humidity","11/13/2019 12:54:56.530",,"60.67","%",192,"Good"
"STL Domae4 M1 Laser Humidity","STL Domae4 M1 Laser1 Humidity","11/13/2019 2:02:56.613",,"60.96","%",192,"Good"
"STL Domae4 M1 Laser Humidity","STL Domae4 M1 Laser1 Humidity","11/13/2019 2:04:56.623",,"61.05","%",192,"Good"
"STL Domae4 M1 Laser Humidity","STL Domae4 M1 Laser1 Humidity","11/13/2019 3:32:56.824",,"63.3","%",192,"Good"
"STL Domae4 M1 Laser Humidity","STL Domae4 M1 Laser1 Humidity","11/13/2019 7:38:57.207",,"60.93","%",192,"Good"
"STL Domae4 M1 Laser Humidity","STL Domae4 M1 Laser1 Humidity","11/13/2019 7:40:57.220",,"60.93","%",192,"Good"
"STL Domae4 M1 Laser Humidity","STL Domae4 M1 Laser1 Humidity","11/14/2019 1:08:57.945",,"59.78","%",192,"Good"
"STL Domae4 M1 Laser Humidity","STL Domae4 M1 Laser1 Humidity","11/14/2019 1:14:57.940",,"59.78","%",192,"Good"
"STL Domae4 M1 Laser Humidity","STL Domae4 M1 Laser1 Humidity","11/14/2019 1:16:57.969",,"59.78","%",192,"Good"
"STL Domae4 M1 Laser Humidity","STL Domae4 M1 Laser1 Humidity","11/14/2019 4:12:58.351",,"59.67","%",192,"Good"
"STL Domae4 M1 Laser Humidity","STL Domae4 M1 Laser1 Humidity","11/14/2019 6:46:58.616",,"60.23","%",192,"Good"
"STL Domae4 M1 Laser Humidity","STL Domae4 M1 Laser1 Humidity","11/14/2019 6:50:58.608",,"60.23","%",192,"Good"
"STL Domae4 M1 Laser Humidity","STL Domae4 M1 Laser1 Humidity","11/14/2019 6:52:58.627",,"60.22","%",192,"Good"
"STL Domae4 M1 Laser Humidity","STL Domae4 M1 Laser1 Humidity","11/14/2019 9:08:58.960",,"59.95","%",192,"Good"
"STL Domae4 M1 Laser Humidity","STL Domae4 M1 Laser1 Humidity","11/14/2019 11:43:00.337",,"62.16","%",192,"Good"
"STL Domae4 M1 Laser Humidity","STL Domae4 M1 Laser1 Humidity","11/14/2019 12:25:00.394",,"61.72","%",192,"Good"
"STL Domae4 M1 Laser Humidity","STL Domae4 M1 Laser1 Humidity","11/14/2019 12:27:00.495",,"61.72","%",192,"Good"
"STL Domae4 M1 Laser Humidity","STL Domae4 M1 Laser1 Humidity","11/14/2019 4:37:01.675",,"62.76","%",192,"Good"
"STL Domae4 M1 Laser Humidity","STL Domae4 M1 Laser1 Humidity","11/14/2019 5:57:01.329",,"60.73","%",192,"Good"
"STL Domae4 M1 Laser Humidity","STL Domae4 M1 Laser1 Humidity","11/14/2019 5:59:01.214",,"60.73","%",192,"Good"
"STL Domae4 M1 Laser Humidity","STL Domae4 M1 Laser1 Humidity","11/14/2019 6:03:01.141",,"60.68","%",192,"Good"
"STL Domae4 M1 Laser Humidity","STL Domae4 M1 Laser1 Humidity","11/14/2019 7:59:01.359",,"59.46","%",192,"Good"
"STL Domae4 M1 Laser Humidity","STL Domae4 M1 Laser1 Humidity","11/14/2019 9:27:01.495",,"60.99","%",192,"Good"
"STL Domae4 M1 Laser Humidity","STL Domae4 M1 Laser1 Humidity","11/14/2019 11:37:01.761",,"60.81","%",192,"Good"
"STL Domae4 M1 Laser Humidity","STL Domae4 M1 Laser1 Humidity","11/14/2019 11:39:01.993",,"60.81","%",192,"Good"
"STL Domae4 M1 Laser Humidity","STL Domae4 M1 Laser1 Humidity","11/15/2019 4:39:02.457",,"60.45","%",192,"Good"
"STL Domae4 M1 Laser Humidity","STL Domae4 M1 Laser1 Humidity","11/15/2019 5:13:02.483",,"60.58","%",192,"Good"
"STL Domae4 M1 Laser Humidity","STL Domae4 M1 Laser1 Humidity","11/15/2019 5:15:02.469",,"60.58","%",192,"Good"
"STL Domae4 M1 Laser Humidity","STL Domae4 M1 Laser1 Humidity","11/15/2019 10:46:12.818",,"62.1","%",192,"Good"
"STL Domae4 M1 Laser Humidity","STL Domae4 M1 Laser1 Humidity","11/15/2019 10:48:12.528",,"62.1","%",192,"Good"
"STL Domae4 M1 Laser Humidity","STL Domae4 M1 Laser1 Humidity","11/15/2019 10:50:12.896",,"62.1","%",192,"Good"
"STL Domae4 M1 Laser Humidity","STL Domae4 M1 Laser1 Humidity","11/15/2019 11:38:12.793",,"62.34","%",192,"Good"
"STL Domae4 M1 Laser Humidity","STL Domae4 M1 Laser1 Humidity","11/15/2019 4:20:11.646",,"60.9","%",192,"Good"
"STL Domae4 M1 Laser Humidity","STL Domae4 M1 Laser1 Humidity","11/15/2019 4:24:12.193",,"60.9","%",192,"Good"
"STL Domae4 M1 Laser Humidity","STL Domae4 M1 Laser1 Humidity","11/15/2019 4:26:12.448",,"60.98","%",192,"Good"
"STL Domae4 M1 Laser Humidity","STL Domae4 M1 Laser1 Humidity","11/15/2019 4:36:12.458",,"61.18","%",192,"Good"
"STL Domae4 M1 Laser Humidity","STL Domae4 M1 Laser1 Humidity","11/15/2019 8:00:12.934",,"59.19","%",192,"Good"
"STL Domae4 M1 Laser Humidity","STL Domae4 M1 Laser1 Humidity","11/15/2019 9:56:12.344",,"59.8","%",192,"Good"
"STL Domae4 M1 Laser Humidity","STL Domae4 M1 Laser1 Humidity","11/15/2019 10:00:12.348",,"59.88","%",192,"Good"
"STL Domae4 M1 Laser Humidity","STL Domae4 M1 Laser1 Humidity","11/15/2019 11:34:12.487",,"60.6","%",192,"Good"
"STL Domae4 M1 Laser Humidity","STL Domae4 M1 Laser1 Humidity","11/16/2019 3:34:12.970",,"60.39","%",192,"Good"
"STL Domae4 M1 Laser Humidity","STL Domae4 M1 Laser1 Humidity","11/16/2019 3:36:13.352",,"60.4","%",192,"Good"
"STL Domae4 M1 Laser Humidity","STL Domae4 M1 Laser1 Humidity","11/16/2019 4:36:13.098",,"60.2","%",192,"Good"
"STL Domae4 M1 Laser Humidity","STL Domae4 M1 Laser1 Humidity","11/16/2019 6:48:13.476",,"68.94","%",192,"Good"
"STL Domae4 M1 Laser Humidity","STL Domae4 M1 Laser1 Humidity","11/16/2019 9:10:14.128",,"64.36","%",192,"Good"
"STL Domae4 M1 Laser Humidity","STL Domae4 M1 Laser1 Humidity","11/16/2019 9:12:14.423",,"64.4","%",192,"Good"
"STL Domae4 M1 Laser Humidity","STL Domae4 M1 Laser1 Humidity","11/16/2019 10:50:14.282",,"64.66","%",192,"Good"
"STL Domae4 M1 Laser Humidity","STL Domae4 M1 Laser1 Humidity","11/16/2019 12:50:14.155",,"64.54","%",192,"Good"
"STL Domae4 M1 Laser Humidity","STL Domae4 M1 Laser1 Humidity","11/18/2019 8:22:19.986",,"77.74","%",192,"Good"
"STL Domae4 M1 Laser Humidity","STL Domae4 M1 Laser1 Humidity","11/18/2019 8:34:19.638",,"80.74","%",192,"Good"
"STL Domae4 M1 Laser Humidity","STL Domae4 M1 Laser1 Humidity","11/18/2019 11:28:19.922",,"68.39","%",192,"Good"
"STL Domae4 M1 Laser Humidity","STL Domae4 M1 Laser1 Humidity","11/18/2019 11:30:19.886",,"68.37","%",192,"Good"
"STL Domae4 M1 Laser Humidity","STL Domae4 M1 Laser1 Humidity","11/18/2019 5:04:20.206",,"64.9","%",192,"Good"
"STL Domae4 M1 Laser Humidity","STL Domae4 M1 Laser1 Humidity","11/18/2019 5:06:20.310",,"64.85","%",192,"Good"
"STL Domae4 M1 Laser Humidity","STL Domae4 M1 Laser1 Humidity","11/18/2019 6:54:20.963",,"64.02","%",192,"Good"
"STL Domae4 M1 Laser Humidity","STL Domae4 M1 Laser1 Humidity","11/18/2019 9:42:20.611",,"65.8","%",192,"Good"
"STL Domae4 M1 Laser Humidity","STL Domae4 M1 Laser1 Humidity","11/18/2019 10:40:20.891",,"65.73","%",192,"Good"
"STL Domae4 M1 Laser Humidity","STL Domae4 M1 Laser1 Humidity","11/18/2019 10:42:20.437",,"65.73","%",192,"Good"
"STL Domae4 M1 Laser Humidity","STL Domae4 M1 Laser1 Humidity","11/19/2019 3:50:21.377",,"64.95","%",192,"Good"
"STL Domae4 M1 Laser Humidity","STL Domae4 M1 Laser1 Humidity","11/19/2019 4:16:21.497",,"65.26","%",192,"Good"
"STL Domae4 M1 Laser Humidity","STL Domae4 M1 Laser1 Humidity","11/19/2019 4:20:21.106",,"65.24","%",192,"Good"
"STL Domae4 M1 Laser Humidity","STL Domae4 M1 Laser1 Humidity","11/19/2019 8:04:21.418",,"62.11","%",192,"Good"
"STL Domae4 M1 Laser Humidity","STL Domae4 M1 Laser1 Humidity","11/19/2019 9:50:21.628",,"63.73","%",192,"Good"
"STL Domae4 M1 Laser Humidity","STL Domae4 M1 Laser1 Humidity","11/19/2019 9:52:21.847",,"63.76","%",192,"Good"
"STL Domae4 M1 Laser Humidity","STL Domae4 M1 Laser1 Humidity","11/19/2019 10:28:21.851",,"64.05","%",192,"Good"
"STL Domae4 M1 Laser Humidity","STL Domae4 M1 Laser1 Humidity","11/19/2019 11:12:22.490",,"63.01","%",192,"Good"
"STL Domae4 M1 Laser Humidity","STL Domae4 M1 Laser1 Humidity","11/19/2019 3:26:22.394",,"63.61","%",192,"Good"
"STL Domae4 M1 Laser Humidity","STL Domae4 M1 Laser1 Humidity","11/19/2019 3:28:22.629",,"63.62","%",192,"Good"
"STL Domae4 M1 Laser Humidity","STL Domae4 M1 Laser1 Humidity","11/19/2019 3:54:22.940",,"63.77","%",192,"Good"
"STL Domae4 M1 Laser Humidity","STL Domae4 M1 Laser1 Humidity","11/19/2019 6:24:22.807",,"62.09","%",192,"Good"
"STL Domae4 M1 Laser Humidity","STL Domae4 M1 Laser1 Humidity","11/19/2019 9:02:23.042",,"63.66","%",192,"Good"
"STL Domae4 M1 Laser Humidity","STL Domae4 M1 Laser1 Humidity","11/19/2019 9:04:23.097",,"63.62","%",192,"Good"
"STL Domae4 M1 Laser Humidity","STL Domae4 M1 Laser1 Humidity","11/19/2019 10:54:23.317",,"63.99","%",192,"Good"
"STL Domae4 M1 Laser Humidity","STL Domae4 M1 Laser1 Humidity","11/20/2019 12:50:23.383",,"62.35","%",192,"Good"
"STL Domae4 M1 Laser Humidity","STL Domae4 M1 Laser1 Humidity","11/20/2019 2:36:23.845",,"63.4","%",192,"Good"
"STL Domae4 M1 Laser Humidity","STL Domae4 M1 Laser1 Humidity","11/20/2019 2:38:24.709",,"63.4","%",192,"Good"
"STL Domae4 M1 Laser Humidity","STL Domae4 M1 Laser1 Humidity","11/20/2019 3:22:23.741",,"63.72","%",192,"Good"
"STL Domae4 M1 Laser Humidity","STL Domae4 M1 Laser1 Humidity","11/20/2019 7:46:24.237",,"61.34","%",192,"Good"
"STL Domae4 M1 Laser Humidity","STL Domae4 M1 Laser1 Humidity","11/20/2019 8:12:24.378",,"61.64","%",192,"Good"
"STL Domae4 M1 Laser Humidity","STL Domae4 M1 Laser1 Humidity","11/20/2019 8:14:24.342",,"61.73","%",192,"Good"
"STL Domae4 M1 Laser Humidity","STL Domae4 M1 Laser1 Humidity","11/20/2019 1:44:10.728",,"63.01","%",192,"Good"
"STL Domae4 M1 Laser Humidity","STL Domae4 M1 Laser1 Humidity","11/20/2019 1:48:10.754",,"63","%",192,"Good"
"STL Domae4 M1 Laser Humidity","STL Domae4 M1 Laser1 Humidity","11/20/2019 1:52:10.735",,"63.01","%",192,"Good"
"STL Domae4 M1 Laser Humidity","STL Domae4 M1 Laser1 Humidity","11/20/2019 3:28:10.942",,"63.06","%",192,"Good"
"STL Domae4 M1 Laser Humidity","STL Domae4 M1 Laser1 Humidity","11/20/2019 6:46:11.175",,"61.13","%",192,"Good"
"STL Domae4 M1 Laser Humidity","STL Domae4 M1 Laser1 Humidity","11/20/2019 7:24:11.198",,"61.18","%",192,"Good"
"STL Domae4 M1 Laser Humidity","STL Domae4 M1 Laser1 Humidity","11/20/2019 7:26:11.213",,"61.18","%",192,"Good"
"STL Domae4 M1 Laser Humidity","STL Domae4 M1 Laser1 Humidity","11/20/2019 7:42:11.213",,"61.13","%",192,"Good"
"STL Domae4 M1 Laser Humidity","STL Domae4 M1 Laser1 Humidity","11/20/2019 11:16:11.371",,"63.05","%",192,"Good"
"STL Domae4 M1 Laser Humidity","STL Domae4 M1 Laser1 Humidity","11/21/2019 1:00:11.776",,"61.54","%",192,"Good"
"STL Domae4 M1 Laser Humidity","STL Domae4 M1 Laser1 Humidity","11/21/2019 1:02:11.586",,"61.54","%",192,"Good"
"STL Domae4 M1 Laser Humidity","STL Domae4 M1 Laser1 Humidity","11/21/2019 6:22:11.865",,"59.92","%",192,"Good"
"STL Domae4 M1 Laser Humidity","STL Domae4 M1 Laser1 Humidity","11/21/2019 6:34:11.880",,"59.94","%",192,"Good"
"STL Domae4 M1 Laser Humidity","STL Domae4 M1 Laser1 Humidity","11/21/2019 6:36:11.879",,"59.92","%",192,"Good"
"STL Domae4 M1 Laser Humidity","STL Domae4 M1 Laser1 Humidity","11/21/2019 8:04:11.948",,"59.78","%",192,"Good"
"STL Domae4 M1 Laser Humidity","STL Domae4 M1 Laser1 Humidity","11/21/2019 9:24:12.091",,"61.73","%",192,"Good"
"STL Domae4 M1 Laser Humidity","STL Domae4 M1 Laser1 Humidity","11/21/2019 12:10:12.285",,"61.26","%",192,"Good"
"STL Domae4 M1 Laser Humidity","STL Domae4 M1 Laser1 Humidity","11/21/2019 12:12:12.289",,"61.29","%",192,"Good"
"STL Domae4 M1 Laser Humidity","STL Domae4 M1 Laser1 Humidity","11/21/2019 1:16:12.334",,"61.54","%",192,"Good"
"STL Domae4 M1 Laser Humidity","STL Domae4 M1 Laser1 Humidity","11/21/2019 5:46:12.578",,"59.52","%",192,"Good"
"STL Domae4 M1 Laser Humidity","STL Domae4 M1 Laser1 Humidity","11/21/2019 5:48:12.585",,"59.52","%",192,"Good"
"STL Domae4 M1 Laser Humidity","STL Domae4 M1 Laser1 Humidity","11/21/2019 7:30:13.424",,"59.31","%",192,"Good"
"STL Domae4 M1 Laser Humidity","STL Domae4 M1 Laser1 Humidity","11/21/2019 10:38:13.635",,"62.26","%",192,"Good"
"STL Domae4 M1 Laser Humidity","STL Domae4 M1 Laser1 Humidity","11/21/2019 11:18:13.659",,"61.9","%",192,"Good"
"STL Domae4 M1 Laser Humidity","STL Domae4 M1 Laser1 Humidity","11/21/2019 11:22:13.657",,"61.88","%",192,"Good"
"STL Domae4 M1 Laser Humidity","STL Domae4 M1 Laser1 Humidity","11/22/2019 4:56:14.043",,"60.81","%",192,"Good"
"STL Domae4 M1 Laser Humidity","STL Domae4 M1 Laser1 Humidity","11/22/2019 4:58:14.039",,"60.76","%",192,"Good"
"STL Domae4 M1 Laser Humidity","STL Domae4 M1 Laser1 Humidity","11/22/2019 7:54:14.207",,"59.33","%",192,"Good"
"STL Domae4 M1 Laser Humidity","STL Domae4 M1 Laser1 Humidity","11/22/2019 10:12:14.288",,"60.98","%",192,"Good"
"STL Domae4 M1 Laser Humidity","STL Domae4 M1 Laser1 Humidity","11/22/2019 10:32:14.298",,"60.91","%",192,"Good"
"STL Domae4 M1 Laser Humidity","STL Domae4 M1 Laser1 Humidity","11/22/2019 10:34:14.287",,"60.93","%",192,"Good"
"STL Domae4 M1 Laser Humidity","STL Domae4 M1 Laser1 Humidity","11/22/2019 1:10:14.507",,"60.54","%",192,"Good"
"STL Domae4 M1 Laser Humidity","STL Domae4 M1 Laser1 Humidity","11/22/2019 4:04:14.715",,"61.01","%",192,"Good"
"STL Domae4 M1 Laser Humidity","STL Domae4 M1 Laser1 Humidity","11/22/2019 4:08:14.692",,"61","%",192,"Good"
"STL Domae4 M1 Laser Humidity","STL Domae4 M1 Laser1 Humidity","11/22/2019 4:10:14.735",,"61","%",192,"Good"
"STL Domae4 M1 Laser Humidity","STL Domae4 M1 Laser1 Humidity","11/22/2019 8:02:14.862",,"59.37","%",192,"Good"
"STL Domae4 M1 Laser Humidity","STL Domae4 M1 Laser1 Humidity","11/22/2019 9:40:15.020",,"61.15","%",192,"Good"
"STL Domae4 M1 Laser Humidity","STL Domae4 M1 Laser1 Humidity","11/22/2019 9:42:15.017",,"61.14","%",192,"Good"
"STL Domae4 M1 Laser Humidity","STL Domae4 M1 Laser1 Humidity","11/22/2019 9:44:15.072",,"61.16","%",192,"Good"
"STL Domae4 M1 Laser Humidity","STL Domae4 M1 Laser1 Humidity","11/22/2019 11:06:15.122",,"61.27","%",192,"Good"
"STL Domae4 M1 Laser Humidity","STL Domae4 M1 Laser1 Humidity","11/23/2019 3:00:15.353",,"60.31","%",192,"Good"
"STL Domae4 M1 Laser Humidity","STL Domae4 M1 Laser1 Humidity","11/23/2019 3:18:15.367",,"60.32","%",192,"Good"
"STL Domae4 M1 Laser Humidity","STL Domae4 M1 Laser1 Humidity","11/23/2019 3:22:15.366",,"60.31","%",192,"Good"
"STL Domae4 M1 Laser Humidity","STL Domae4 M1 Laser1 Humidity","11/23/2019 4:24:15.404",,"59.58","%",192,"Good"
"STL Domae4 M1 Laser Humidity","STL Domae4 M1 Laser1 Humidity","11/23/2019 8:54:15.737",,"64.53","%",192,"Good"
"STL Domae4 M1 Laser Humidity","STL Domae4 M1 Laser1 Humidity","11/23/2019 8:56:15.740",,"64.53","%",192,"Good"
"STL Domae4 M1 Laser Humidity","STL Domae4 M1 Laser1 Humidity","11/23/2019 10:24:15.822",,"64.48","%",192,"Good"
"STL Domae4 M1 Laser Humidity","STL Domae4 M1 Laser1 Humidity","11/23/2019 1:24:15.949",,"64.68","%",192,"Good"
"STL Domae4 M1 Laser Humidity","STL Domae4 M1 Laser1 Humidity","11/23/2019 2:30:16.094",,"64.59","%",192,"Good"
"STL Domae4 M1 Laser Humidity","STL Domae4 M1 Laser1 Humidity","11/23/2019 2:32:16.056",,"64.57","%",192,"Good"
"STL Domae4 M1 Laser Humidity","STL Domae4 M1 Laser1 Humidity","11/23/2019 2:42:16.082",,"64.53","%",192,"Good"
"STL Domae4 M1 Laser Humidity","STL Domae4 M1 Laser1 Humidity","11/23/2019 3:46:16.151",,"64.68","%",192,"Good"
"STL Domae4 M1 Laser Humidity","STL Domae4 M1 Laser1 Humidity","11/23/2019 3:56:16.169",,"64.67","%",192,"Good"
"STL Domae4 M1 Laser Humidity","STL Domae4 M1 Laser1 Humidity","11/25/2019 8:48:34.102",,"68.23","%",192,"Good"
"STL Domae4 M1 Laser Humidity","STL Domae4 M1 Laser1 Humidity","11/25/2019 9:12:33.657",,"67.73","%",192,"Good"
"STL Domae4 M1 Laser Humidity","STL Domae4 M1 Laser1 Humidity","11/25/2019 10:46:34.027",,"68.39","%",192,"Good"
"STL Domae4 M1 Laser Humidity","STL Domae4 M1 Laser1 Humidity","11/25/2019 11:12:33.799",,"68.12","%",192,"Good"
"STL Domae4 M1 Laser Humidity","STL Domae4 M1 Laser1 Humidity","11/25/2019 11:16:33.863",,"68.15","%",192,"Good"
"STL Domae4 M1 Laser Humidity","STL Domae4 M1 Laser1 Humidity","11/25/2019 11:34:33.801",,"68.37","%",192,"Good"
"STL Domae4 M1 Laser Humidity","STL Domae4 M1 Laser1 Humidity","11/25/2019 4:48:34.499",,"65.9","%",192,"Good"
"STL Domae4 M1 Laser Humidity","STL Domae4 M1 Laser1 Humidity","11/25/2019 4:50:34.384",,"65.9","%",192,"Good"
"STL Domae4 M1 Laser Humidity","STL Domae4 M1 Laser1 Humidity","11/25/2019 8:08:34.614",,"62.95","%",192,"Good"
"STL Domae4 M1 Laser Humidity","STL Domae4 M1 Laser1 Humidity","11/25/2019 10:24:34.995",,"64.15","%",192,"Good"
"STL Domae4 M1 Laser Humidity","STL Domae4 M1 Laser1 Humidity","11/25/2019 10:26:34.916",,"64.18","%",192,"Good"
"STL Domae4 M1 Laser Humidity","STL Domae4 M1 Laser1 Humidity","11/25/2019 11:28:35.100",,"63.48","%",192,"Good"
"STL Domae4 M1 Laser Humidity","STL Domae4 M1 Laser1 Humidity","11/26/2019 4:00:35.661",,"63.63","%",192,"Good"
"STL Domae4 M1 Laser Humidity","STL Domae4 M1 Laser1 Humidity","11/26/2019 4:02:35.685",,"63.6","%",192,"Good"
"STL Domae4 M1 Laser Humidity","STL Domae4 M1 Laser1 Humidity","11/26/2019 4:04:35.441",,"63.63","%",192,"Good"
"STL Domae4 M1 Laser Humidity","STL Domae4 M1 Laser1 Humidity","11/26/2019 7:48:36.107",,"62.05","%",192,"Good"
"STL Domae4 M1 Laser Humidity","STL Domae4 M1 Laser1 Humidity","11/26/2019 9:34:36.303",,"63.24","%",192,"Good"
"STL Domae4 M1 Laser Humidity","STL Domae4 M1 Laser1 Humidity","11/26/2019 9:36:36.343",,"63.24","%",192,"Good"
"STL Domae4 M1 Laser Humidity","STL Domae4 M1 Laser1 Humidity","11/26/2019 11:28:36.276",,"62.67","%",192,"Good"
"STL Domae4 M1 Laser Humidity","STL Domae4 M1 Laser1 Humidity","11/26/2019 2:00:36.880",,"63.89","%",192,"Good"
"STL Domae4 M1 Laser Humidity","STL Domae4 M1 Laser1 Humidity","11/26/2019 3:10:36.953",,"63.74","%",192,"Good"
"STL Domae4 M1 Laser Humidity","STL Domae4 M1 Laser1 Humidity","11/26/2019 3:12:37.018",,"63.74","%",192,"Good"
"STL Domae4 M1 Laser Humidity","STL Domae4 M1 Laser1 Humidity","11/26/2019 4:42:37.121",,"63.83","%",192,"Good"
"STL Domae4 M1 Laser Humidity","STL Domae4 M1 Laser1 Humidity","11/26/2019 8:06:37.567",,"61.06","%",192,"Good"
"STL Domae4 M1 Laser Humidity","STL Domae4 M1 Laser1 Humidity","11/26/2019 8:46:37.709",,"62","%",192,"Good"
"STL Domae4 M1 Laser Humidity","STL Domae4 M1 Laser1 Humidity","11/26/2019 8:48:37.880",,"62.06","%",192,"Good"
"STL Domae4 M1 Laser Humidity","STL Domae4 M1 Laser1 Humidity","11/26/2019 9:46:37.688",,"62.42","%",192,"Good"
"STL Domae4 M1 Laser Humidity","STL Domae4 M1 Laser1 Humidity","11/26/2019 11:04:37.821",,"61.64","%",192,"Good"
"STL Domae4 M1 Laser Humidity","STL Domae4 M1 Laser1 Humidity","11/27/2019 2:22:38.345",,"62.01","%",192,"Good"
"STL Domae4 M1 Laser Humidity","STL Domae4 M1 Laser1 Humidity","11/27/2019 2:24:38.797",,"62.03","%",192,"Good"
"STL Domae4 M1 Laser Humidity","STL Domae4 M1 Laser1 Humidity","11/27/2019 6:52:38.803",,"60","%",192,"Good"
"STL Domae4 M1 Laser Humidity","STL Domae4 M1 Laser1 Humidity","11/27/2019 7:56:38.892",,"60.07","%",192,"Good"
"STL Domae4 M1 Laser Humidity","STL Domae4 M1 Laser1 Humidity","11/27/2019 7:58:38.894",,"60.07","%",192,"Good"
"STL Domae4 M1 Laser Humidity","STL Domae4 M1 Laser1 Humidity","11/27/2019 8:02:39.292",,"60.04","%",192,"Good"
"STL Domae4 M1 Laser Humidity","STL Domae4 M1 Laser1 Humidity","11/27/2019 11:38:39.292",,"63.82","%",192,"Good"
"STL Domae4 M1 Laser Humidity","STL Domae4 M1 Laser1 Humidity","11/27/2019 1:32:39.735",,"62.92","%",192,"Good"
"STL Domae4 M1 Laser Humidity","STL Domae4 M1 Laser1 Humidity","11/27/2019 1:34:39.704",,"62.92","%",192,"Good"
"STL Domae4 M1 Laser Humidity","STL Domae4 M1 Laser1 Humidity","11/27/2019 3:04:39.729",,"63.27","%",192,"Good"
"STL Domae4 M1 Laser Humidity","STL Domae4 M1 Laser1 Humidity","11/27/2019 7:04:40.564",,"60.01","%",192,"Good"
"STL Domae4 M1 Laser Humidity","STL Domae4 M1 Laser1 Humidity","11/27/2019 7:08:40.562",,"60.02","%",192,"Good"
"STL Domae4 M1 Laser Humidity","STL Domae4 M1 Laser1 Humidity","11/27/2019 7:10:40.855",,"60","%",192,"Good"
"STL Domae4 M1 Laser Humidity","STL Domae4 M1 Laser1 Humidity","11/27/2019 8:06:40.510",,"59.71","%",192,"Good"
"STL Domae4 M1 Laser Humidity","STL Domae4 M1 Laser1 Humidity","11/27/2019 9:10:40.616",,"61.06","%",192,"Good"
"STL Domae4 M1 Laser Humidity","STL Domae4 M1 Laser1 Humidity","11/28/2019 12:42:40.955",,"60.54","%",192,"Good"
"STL Domae4 M1 Laser Humidity","STL Domae4 M1 Laser1 Humidity","11/28/2019 12:46:40.944",,"60.52","%",192,"Good"
"STL Domae4 M1 Laser Humidity","STL Domae4 M1 Laser1 Humidity","11/28/2019 4:34:41.187",,"61.24","%",192,"Good"
"STL Domae4 M1 Laser Humidity","STL Domae4 M1 Laser1 Humidity","11/28/2019 6:16:41.527",,"59.75","%",192,"Good"
"STL Domae4 M1 Laser Humidity","STL Domae4 M1 Laser1 Humidity","11/28/2019 6:18:41.369",,"59.75","%",192,"Good"
"STL Domae4 M1 Laser Humidity","STL Domae4 M1 Laser1 Humidity","11/28/2019 6:20:41.527",,"59.74","%",192,"Good"
"STL Domae4 M1 Laser Humidity","STL Domae4 M1 Laser1 Humidity","11/28/2019 6:46:41.583",,"59.65","%",192,"Good"
"STL Domae4 M1 Laser Humidity","STL Domae4 M1 Laser1 Humidity","11/28/2019 9:20:41.791",,"61.24","%",192,"Good"
"STL Domae4 M1 Laser Humidity","STL Domae4 M1 Laser1 Humidity","11/28/2019 11:54:42.079",,"60.97","%",192,"Good"
"STL Domae4 M1 Laser Humidity","STL Domae4 M1 Laser1 Humidity","11/28/2019 11:56:42.092",,"60.97","%",192,"Good"
"STL Domae4 M1 Laser Humidity","STL Domae4 M1 Laser1 Humidity","11/28/2019 12:20:42.279",,"60.18","%",192,"Good"
"STL Domae4 M1 Laser Humidity","STL Domae4 M1 Laser1 Humidity","11/28/2019 4:18:42.628",,"62.22","%",192,"Good"
"STL Domae4 M1 Laser Humidity","STL Domae4 M1 Laser1 Humidity","11/28/2019 5:30:42.745",,"60.71","%",192,"Good"
"STL Domae4 M1 Laser Humidity","STL Domae4 M1 Laser1 Humidity","11/28/2019 5:32:42.879",,"60.68","%",192,"Good"
"STL Domae4 M1 Laser Humidity","STL Domae4 M1 Laser1 Humidity","11/28/2019 7:56:43.050",,"59.46","%",192,"Good"
"STL Domae4 M1 Laser Humidity","STL Domae4 M1 Laser1 Humidity","11/28/2019 10:00:43.219",,"61.26","%",192,"Good"
"STL Domae4 M1 Laser Humidity","STL Domae4 M1 Laser1 Humidity","11/28/2019 11:04:43.443",,"61.13","%",192,"Good"
"STL Domae4 M1 Laser Humidity","STL Domae4 M1 Laser1 Humidity","11/28/2019 11:06:43.628",,"61.15","%",192,"Good"
"STL Domae4 M1 Laser Humidity","STL Domae4 M1 Laser1 Humidity","11/29/2019 4:40:44.104",,"59.55","%",192,"Good"
"STL Domae4 M1 Laser Humidity","STL Domae4 M1 Laser1 Humidity","11/29/2019 4:42:44.070",,"59.48","%",192,"Good"
"STL Domae4 M1 Laser Humidity","STL Domae4 M1 Laser1 Humidity","11/29/2019 7:24:44.348",,"58.59","%",192,"Good"
"STL Domae4 M1 Laser Humidity","STL Domae4 M1 Laser1 Humidity","11/29/2019 10:04:44.753",,"60.41","%",192,"Good"
"STL Domae4 M1 Laser Humidity","STL Domae4 M1 Laser1 Humidity","11/29/2019 10:16:44.618",,"60.39","%",192,"Good"
"STL Domae4 M1 Laser Humidity","STL Domae4 M1 Laser1 Humidity","11/29/2019 10:18:44.646",,"60.39","%",192,"Good"
"STL Domae4 M1 Laser Humidity","STL Domae4 M1 Laser1 Humidity","11/29/2019 10:20:44.629",,"60.27","%",192,"Good"
"STL Domae4 M1 Laser Humidity","STL Domae4 M1 Laser1 Humidity","11/29/2019 1:34:45.230",,"60.94","%",192,"Good"
"STL Domae4 M1 Laser Humidity","STL Domae4 M1 Laser1 Humidity","11/29/2019 3:52:45.406",,"60.8","%",192,"Good"
"STL Domae4 M1 Laser Humidity","STL Domae4 M1 Laser1 Humidity","11/29/2019 3:54:45.340",,"60.78","%",192,"Good"
"STL Domae4 M1 Laser Humidity","STL Domae4 M1 Laser1 Humidity","11/29/2019 4:00:45.326",,"60.82","%",192,"Good"
"STL Domae4 M1 Laser Humidity","STL Domae4 M1 Laser1 Humidity","11/29/2019 8:08:46.013",,"58.59","%",192,"Good"
"STL Domae4 M1 Laser Humidity","STL Domae4 M1 Laser1 Humidity","11/29/2019 9:26:46.188",,"60.04","%",192,"Good"
"STL Domae4 M1 Laser Humidity","STL Domae4 M1 Laser1 Humidity","11/29/2019 9:28:46.065",,"60.02","%",192,"Good"
"STL Domae4 M1 Laser Humidity","STL Domae4 M1 Laser1 Humidity","11/29/2019 10:04:46.059",,"60.09","%",192,"Good"
"STL Domae4 M1 Laser Humidity","STL Domae4 M1 Laser1 Humidity","11/30/2019 2:10:46.534",,"59.62","%",192,"Good"
"STL Domae4 M1 Laser Humidity","STL Domae4 M1 Laser1 Humidity","11/30/2019 3:02:46.534",,"59.73","%",192,"Good"
"STL Domae4 M1 Laser Humidity","STL Domae4 M1 Laser1 Humidity","11/30/2019 3:04:46.593",,"59.72","%",192,"Good"
"STL Domae4 M1 Laser Humidity","STL Domae4 M1 Laser1 Humidity","11/30/2019 5:04:47.114",,"58.57","%",192,"Good"
"STL Domae4 M1 Laser Humidity","STL Domae4 M1 Laser1 Humidity","12/2/2019 12:11:48.533",,"68.84","%",192,"Good"
"STL Domae4 M1 Laser Humidity","STL Domae4 M1 Laser1 Humidity","12/2/2019 4:33:47.659",,"66.84","%",192,"Good"
"STL Domae4 M1 Laser Humidity","STL Domae4 M1 Laser1 Humidity","12/2/2019 4:35:47.776",,"66.84","%",192,"Good"
"STL Domae4 M1 Laser Humidity","STL Domae4 M1 Laser1 Humidity","12/2/2019 6:49:47.912",,"65.38","%",192,"Good"
"STL Domae4 M1 Laser Humidity","STL Domae4 M1 Laser1 Humidity","12/2/2019 9:57:48.376",,"67.79","%",192,"Good"
"STL Domae4 M1 Laser Humidity","STL Domae4 M1 Laser1 Humidity","12/2/2019 10:09:48.336",,"67.71","%",192,"Good"
"STL Domae4 M1 Laser Humidity","STL Domae4 M1 Laser1 Humidity","12/2/2019 10:11:48.509",,"67.71","%",192,"Good"
"STL Domae4 M1 Laser Humidity","STL Domae4 M1 Laser1 Humidity","12/2/2019 10:47:48.436",,"67.82","%",192,"Good"
"STL Domae4 M1 Laser Humidity","STL Domae4 M1 Laser1 Humidity","12/3/2019 3:35:48.655",,"66.19","%",192,"Good"
"STL Domae4 M1 Laser Humidity","STL Domae4 M1 Laser1 Humidity","12/3/2019 3:43:48.768",,"66.21","%",192,"Good"
"STL Domae4 M1 Laser Humidity","STL Domae4 M1 Laser1 Humidity","12/3/2019 3:45:48.712",,"66.18","%",192,"Good"
"STL Domae4 M1 Laser Humidity","STL Domae4 M1 Laser1 Humidity","12/3/2019 3:49:48.647",,"66.2","%",192,"Good"
"STL Domae4 M1 Laser Humidity","STL Domae4 M1 Laser1 Humidity","12/3/2019 8:01:48.768",,"63.37","%",192,"Good"
"STL Domae4 M1 Laser Humidity","STL Domae4 M1 Laser1 Humidity","12/3/2019 9:19:48.960",,"64.69","%",192,"Good"
"STL Domae4 M1 Laser Humidity","STL Domae4 M1 Laser1 Humidity","12/3/2019 9:21:48.840",,"64.69","%",192,"Good"
"STL Domae4 M1 Laser Humidity","STL Domae4 M1 Laser1 Humidity","12/3/2019 9:49:49.079",,"64.89","%",192,"Good"
"STL Domae4 M1 Laser Humidity","STL Domae4 M1 Laser1 Humidity","12/3/2019 1:15:49.027",,"62.53","%",192,"Good"
"STL Domae4 M1 Laser Humidity","STL Domae4 M1 Laser1 Humidity","12/3/2019 2:55:49.044",,"63.54","%",192,"Good"
"STL Domae4 M1 Laser Humidity","STL Domae4 M1 Laser1 Humidity","12/3/2019 2:57:49.225",,"63.55","%",192,"Good"
"STL Domae4 M1 Laser Humidity","STL Domae4 M1 Laser1 Humidity","12/3/2019 4:15:49.129",,"63.19","%",192,"Good"
"STL Domae4 M1 Laser Humidity","STL Domae4 M1 Laser1 Humidity","12/3/2019 7:21:49.334",,"63.75","%",192,"Good"
"STL Domae4 M1 Laser Humidity","STL Domae4 M1 Laser1 Humidity","12/3/2019 8:29:49.257",,"63.46","%",192,"Good"
"STL Domae4 M1 Laser Humidity","STL Domae4 M1 Laser1 Humidity","12/3/2019 8:31:49.388",,"63.46","%",192,"Good"
"STL Domae4 M1 Laser Humidity","STL Domae4 M1 Laser1 Humidity","12/3/2019 11:59:49.275",,"64.72","%",192,"Good"
"STL Domae4 M1 Laser Humidity","STL Domae4 M1 Laser1 Humidity","12/4/2019 2:05:49.770",,"63.77","%",192,"Good"
"STL Domae4 M1 Laser Humidity","STL Domae4 M1 Laser1 Humidity","12/4/2019 2:09:49.901",,"63.77","%",192,"Good"
"STL Domae4 M1 Laser Humidity","STL Domae4 M1 Laser1 Humidity","12/4/2019 7:09:49.943",,"63.06","%",192,"Good"
"STL Domae4 M1 Laser Humidity","STL Domae4 M1 Laser1 Humidity","12/4/2019 7:41:50.034",,"63.16","%",192,"Good"
"STL Domae4 M1 Laser Humidity","STL Domae4 M1 Laser1 Humidity","12/4/2019 7:43:50.002",,"63.16","%",192,"Good"
"STL Domae4 M1 Laser Humidity","STL Domae4 M1 Laser1 Humidity","12/4/2019 8:11:50.788",,"62.35","%",192,"Good"
"STL Domae4 M1 Laser Humidity","STL Domae4 M1 Laser1 Humidity","12/4/2019 11:15:50.229",,"63.56","%",192,"Good"
"STL Domae4 M1 Laser Humidity","STL Domae4 M1 Laser1 Humidity","12/4/2019 1:17:50.353",,"62.91","%",192,"Good"
"STL Domae4 M1 Laser Humidity","STL Domae4 M1 Laser1 Humidity","12/4/2019 1:19:50.445",,"62.91","%",192,"Good"
"STL Domae4 M1 Laser Humidity","STL Domae4 M1 Laser1 Humidity","12/4/2019 2:49:50.445",,"63.3","%",192,"Good"
"STL Domae4 M1 Laser Humidity","STL Domae4 M1 Laser1 Humidity","12/4/2019 4:53:50.858",,"61.36","%",192,"Good"
"STL Domae4 M1 Laser Humidity","STL Domae4 M1 Laser1 Humidity","12/4/2019 6:51:50.720",,"61.6","%",192,"Good"
"STL Domae4 M1 Laser Humidity","STL Domae4 M1 Laser1 Humidity","12/4/2019 6:53:50.738",,"61.6","%",192,"Good"
"STL Domae4 M1 Laser Humidity","STL Domae4 M1 Laser1 Humidity","12/4/2019 7:55:50.799",,"61.54","%",192,"Good"
"STL Domae4 M1 Laser Humidity","STL Domae4 M1 Laser1 Humidity","12/4/2019 9:35:50.790",,"63.22","%",192,"Good"
"STL Domae4 M1 Laser Humidity","STL Domae4 M1 Laser1 Humidity","12/5/2019 12:27:51.375",,"62.45","%",192,"Good"
"STL Domae4 M1 Laser Humidity","STL Domae4 M1 Laser1 Humidity","12/5/2019 12:29:51.423",,"62.44","%",192,"Good"
"STL Domae4 M1 Laser Humidity","STL Domae4 M1 Laser1 Humidity","12/5/2019 5:49:51.414",,"60.13","%",192,"Good"
"STL Domae4 M1 Laser Humidity","STL Domae4 M1 Laser1 Humidity","12/5/2019 6:03:51.562",,"60.16","%",192,"Good"
"STL Domae4 M1 Laser Humidity","STL Domae4 M1 Laser1 Humidity","12/5/2019 6:05:51.408",,"60.16","%",192,"Good"
"STL Domae4 M1 Laser Humidity","STL Domae4 M1 Laser1 Humidity","12/5/2019 11:09:51.978",,"62.16","%",192,"Good"
"STL Domae4 M1 Laser Humidity","STL Domae4 M1 Laser1 Humidity","12/5/2019 11:39:52.049",,"62.14","%",192,"Good"
"STL Domae4 M1 Laser Humidity","STL Domae4 M1 Laser1 Humidity","12/5/2019 11:41:52.020",,"62.14","%",192,"Good"
"STL Domae4 M1 Laser Humidity","STL Domae4 M1 Laser1 Humidity","12/5/2019 5:13:52.468",,"59.69","%",192,"Good"
"STL Domae4 M1 Laser Humidity","STL Domae4 M1 Laser1 Humidity","12/5/2019 5:15:52.411",,"59.63","%",192,"Good"
"STL Domae4 M1 Laser Humidity","STL Domae4 M1 Laser1 Humidity","12/5/2019 7:11:52.481",,"59.1","%",192,"Good"
"STL Domae4 M1 Laser Humidity","STL Domae4 M1 Laser1 Humidity","12/5/2019 10:49:53.319",,"62.39","%",192,"Good"
"STL Domae4 M1 Laser Humidity","STL Domae4 M1 Laser1 Humidity","12/5/2019 10:51:53.427",,"62.36","%",192,"Good"
"STL Domae4 M1 Laser Humidity","STL Domae4 M1 Laser1 Humidity","12/5/2019 10:53:53.376",,"62.38","%",192,"Good"
"STL Domae4 M1 Laser Humidity","STL Domae4 M1 Laser1 Humidity","12/6/2019 12:41:53.329",,"60.62","%",192,"Good"
"STL Domae4 M1 Laser Humidity","STL Domae4 M1 Laser1 Humidity","12/6/2019 1:25:53.396",,"61.06","%",192,"Good"
"STL Domae4 M1 Laser Humidity","STL Domae4 M1 Laser1 Humidity","12/9/2019 10:04:27.300",,"68.11","%",192,"Good"
"STL Domae4 M1 Laser Humidity","STL Domae4 M1 Laser1 Humidity","12/9/2019 10:42:26.804",,"67.47","%",192,"Good"
"STL Domae4 M1 Laser Humidity","STL Domae4 M1 Laser1 Humidity","12/9/2019 10:44:26.803",,"67.47","%",192,"Good"
"STL Domae4 M1 Laser Humidity","STL Domae4 M1 Laser1 Humidity","12/9/2019 11:16:26.709",,"67.73","%",192,"Good"
"STL Domae4 M1 Laser Humidity","STL Domae4 M1 Laser1 Humidity","12/9/2019 2:28:26.991",,"66.21","%",192,"Good"
"STL Domae4 M1 Laser Humidity","STL Domae4 M1 Laser1 Humidity","12/9/2019 4:18:27.343",,"67.05","%",192,"Good"
"STL Domae4 M1 Laser Humidity","STL Domae4 M1 Laser1 Humidity","12/9/2019 4:20:27.377",,"67.09","%",192,"Good"
"STL Domae4 M1 Laser Humidity","STL Domae4 M1 Laser1 Humidity","12/9/2019 4:32:27.346",,"67.14","%",192,"Good"
"STL Domae4 M1 Laser Humidity","STL Domae4 M1 Laser1 Humidity","12/9/2019 8:18:27.835",,"63.63","%",192,"Good"
"STL Domae4 M1 Laser Humidity","STL Domae4 M1 Laser1 Humidity","12/9/2019 9:52:28.033",,"65.11","%",192,"Good"
"STL Domae4 M1 Laser Humidity","STL Domae4 M1 Laser1 Humidity","12/9/2019 9:54:27.983",,"65.11","%",192,"Good"
"STL Domae4 M1 Laser Humidity","STL Domae4 M1 Laser1 Humidity","12/9/2019 10:48:28.007",,"64.34","%",192,"Good"
"STL Domae4 M1 Laser Humidity","STL Domae4 M1 Laser1 Humidity","12/10/2019 3:28:28.698",,"65.33","%",192,"Good"
"STL Domae4 M1 Laser Humidity","STL Domae4 M1 Laser1 Humidity","12/10/2019 3:32:28.615",,"65.33","%",192,"Good"
"STL Domae4 M1 Laser Humidity","STL Domae4 M1 Laser1 Humidity","12/10/2019 3:54:28.735",,"65.47","%",192,"Good"
"STL Domae4 M1 Laser Humidity","STL Domae4 M1 Laser1 Humidity","12/10/2019 8:06:29.113",,"61.99","%",192,"Good"
"STL Domae4 M1 Laser Humidity","STL Domae4 M1 Laser1 Humidity","12/10/2019 9:04:29.352",,"62.8","%",192,"Good"
"STL Domae4 M1 Laser Humidity","STL Domae4 M1 Laser1 Humidity","12/10/2019 9:06:29.408",,"62.93","%",192,"Good"
"STL Domae4 M1 Laser Humidity","STL Domae4 M1 Laser1 Humidity","12/10/2019 11:22:29.618",,"64.15","%",192,"Good"
"STL Domae4 M1 Laser Humidity","STL Domae4 M1 Laser1 Humidity","12/10/2019 2:40:30.102",,"63.59","%",192,"Good"
"STL Domae4 M1 Laser Humidity","STL Domae4 M1 Laser1 Humidity","12/10/2019 2:42:30.118",,"63.61","%",192,"Good"
"STL Domae4 M1 Laser Humidity","STL Domae4 M1 Laser1 Humidity","12/10/2019 2:44:30.114",,"63.62","%",192,"Good"
"STL Domae4 M1 Laser Humidity","STL Domae4 M1 Laser1 Humidity","12/10/2019 8:08:30.630",,"61.32","%",192,"Good"
"STL Domae4 M1 Laser Humidity","STL Domae4 M1 Laser1 Humidity","12/10/2019 8:14:30.641",,"61.4","%",192,"Good"
"STL Domae4 M1 Laser Humidity","STL Domae4 M1 Laser1 Humidity","12/10/2019 8:16:30.657",,"61.4","%",192,"Good"
"STL Domae4 M1 Laser Humidity","STL Domae4 M1 Laser1 Humidity","12/10/2019 11:54:31.071",,"63.76","%",192,"Good"
"STL Domae4 M1 Laser Humidity","STL Domae4 M1 Laser1 Humidity","12/11/2019 1:50:31.580",,"63.43","%",192,"Good"
"STL Domae4 M1 Laser Humidity","STL Domae4 M1 Laser1 Humidity","12/11/2019 1:52:31.778",,"63.41","%",192,"Good"
"STL Domae4 M1 Laser Humidity","STL Domae4 M1 Laser1 Humidity","12/11/2019 6:56:32.153",,"60.51","%",192,"Good"
"STL Domae4 M1 Laser Humidity","STL Domae4 M1 Laser1 Humidity","12/11/2019 7:26:32.272",,"60.54","%",192,"Good"
"STL Domae4 M1 Laser Humidity","STL Domae4 M1 Laser1 Humidity","12/11/2019 7:28:32.179",,"60.55","%",192,"Good"
"STL Domae4 M1 Laser Humidity","STL Domae4 M1 Laser1 Humidity","12/11/2019 7:40:32.257",,"60.52","%",192,"Good"
"STL Domae4 M1 Laser Humidity","STL Domae4 M1 Laser1 Humidity","12/11/2019 10:42:32.427",,"62.58","%",192,"Good"
"STL Domae4 M1 Laser Humidity","STL Domae4 M1 Laser1 Humidity","12/11/2019 1:02:32.840",,"62.32","%",192,"Good"
"STL Domae4 M1 Laser Humidity","STL Domae4 M1 Laser1 Humidity","12/11/2019 1:04:32.703",,"62.38","%",192,"Good"
"STL Domae4 M1 Laser Humidity","STL Domae4 M1 Laser1 Humidity","12/11/2019 2:08:32.988",,"62.8","%",192,"Good"
"STL Domae4 M1 Laser Humidity","STL Domae4 M1 Laser1 Humidity","12/11/2019 6:34:33.428",,"60.58","%",192,"Good"
"STL Domae4 M1 Laser Humidity","STL Domae4 M1 Laser1 Humidity","12/11/2019 6:36:33.419",,"60.58","%",192,"Good"
"STL Domae4 M1 Laser Humidity","STL Domae4 M1 Laser1 Humidity","12/11/2019 6:38:33.479",,"60.58","%",192,"Good"
"STL Domae4 M1 Laser Humidity","STL Domae4 M1 Laser1 Humidity","12/11/2019 7:48:33.730",,"60.45","%",192,"Good"
"STL Domae4 M1 Laser Humidity","STL Domae4 M1 Laser1 Humidity","12/11/2019 10:10:34.046",,"62.25","%",192,"Good"
"STL Domae4 M1 Laser Humidity","STL Domae4 M1 Laser1 Humidity","12/12/2019 12:12:34.636",,"61.87","%",192,"Good"
"STL Domae4 M1 Laser Humidity","STL Domae4 M1 Laser1 Humidity","12/12/2019 12:14:34.693",,"61.84","%",192,"Good"
"STL Domae4 M1 Laser Humidity","STL Domae4 M1 Laser1 Humidity","12/12/2019 12:18:34.621",,"61.85","%",192,"Good"
"STL Domae4 M1 Laser Humidity","STL Domae4 M1 Laser1 Humidity","12/12/2019 5:38:35.016",,"59.71","%",192,"Good"
"STL Domae4 M1 Laser Humidity","STL Domae4 M1 Laser1 Humidity","12/12/2019 5:48:35.113",,"59.71","%",192,"Good"
"STL Domae4 M1 Laser Humidity","STL Domae4 M1 Laser1 Humidity","12/12/2019 5:50:35.055",,"59.71","%",192,"Good"
"STL Domae4 M1 Laser Humidity","STL Domae4 M1 Laser1 Humidity","12/12/2019 5:56:35.125",,"59.69","%",192,"Good"
"STL Domae4 M1 Laser Humidity","STL Domae4 M1 Laser1 Humidity","12/12/2019 10:10:35.792",,"62.32","%",192,"Good"
"STL Domae4 M1 Laser Humidity","STL Domae4 M1 Laser1 Humidity","12/12/2019 11:24:35.981",,"62.01","%",192,"Good"
"STL Domae4 M1 Laser Humidity","STL Domae4 M1 Laser1 Humidity","12/12/2019 11:26:35.860",,"61.97","%",192,"Good"
"STL Domae4 M1 Laser Humidity","STL Domae4 M1 Laser1 Humidity","12/12/2019 4:58:36.637",,"59.96","%",192,"Good"
"STL Domae4 M1 Laser Humidity","STL Domae4 M1 Laser1 Humidity","12/12/2019 5:02:36.565",,"59.98","%",192,"Good"
"STL Domae4 M1 Laser Humidity","STL Domae4 M1 Laser1 Humidity","12/12/2019 8:36:37.183",,"58.96","%",192,"Good"
"STL Domae4 M1 Laser Humidity","STL Domae4 M1 Laser1 Humidity","12/12/2019 9:38:37.405",,"63.28","%",192,"Good"
"STL Domae4 M1 Laser Humidity","STL Domae4 M1 Laser1 Humidity","12/12/2019 9:42:37.474",,"63.28","%",192,"Good"
"STL Domae4 M1 Laser Humidity","STL Domae4 M1 Laser1 Humidity","12/16/2019 9:58:06.699",,"72.69","%",192,"Good"
"STL Domae4 M1 Laser Humidity","STL Domae4 M1 Laser1 Humidity","12/16/2019 10:26:06.312",,"72.48","%",192,"Good"
"STL Domae4 M1 Laser Humidity","STL Domae4 M1 Laser1 Humidity","12/16/2019 10:28:06.204",,"72.44","%",192,"Good"
"STL Domae4 M1 Laser Humidity","STL Domae4 M1 Laser1 Humidity","12/16/2019 10:30:06.361",,"72.47","%",192,"Good"
"STL Domae4 M1 Laser Humidity","STL Domae4 M1 Laser1 Humidity","12/16/2019 4:00:06.948",,"69.21","%",192,"Good"
"STL Domae4 M1 Laser Humidity","STL Domae4 M1 Laser1 Humidity","12/16/2019 4:02:06.929",,"69.21","%",192,"Good"
"STL Domae4 M1 Laser Humidity","STL Domae4 M1 Laser1 Humidity","12/16/2019 4:04:06.934",,"69.23","%",192,"Good"
"STL Domae4 M1 Laser Humidity","STL Domae4 M1 Laser1 Humidity","12/16/2019 9:04:07.640",,"67.05","%",192,"Good"
"STL Domae4 M1 Laser Humidity","STL Domae4 M1 Laser1 Humidity","12/16/2019 9:38:07.647",,"67.29","%",192,"Good"
"STL Domae4 M1 Laser Humidity","STL Domae4 M1 Laser1 Humidity","12/16/2019 9:40:07.727",,"67.3","%",192,"Good"
"STL Domae4 M1 Laser Humidity","STL Domae4 M1 Laser1 Humidity","12/16/2019 10:22:07.764",,"67.53","%",192,"Good"
"STL Domae4 M1 Laser Humidity","STL Domae4 M1 Laser1 Humidity","12/17/2019 3:14:08.271",,"66.65","%",192,"Good"
"STL Domae4 M1 Laser Humidity","STL Domae4 M1 Laser1 Humidity","12/17/2019 3:16:08.306",,"66.65","%",192,"Good"
"STL Domae4 M1 Laser Humidity","STL Domae4 M1 Laser1 Humidity","12/17/2019 8:46:09.144",,"65.8","%",192,"Good"
"STL Domae4 M1 Laser Humidity","STL Domae4 M1 Laser1 Humidity","12/17/2019 8:48:09.113",,"65.8","%",192,"Good"
"STL Domae4 M1 Laser Humidity","STL Domae4 M1 Laser1 Humidity","12/17/2019 8:50:09.204",,"65.76","%",192,"Good"
"STL Domae4 M1 Laser Humidity","STL Domae4 M1 Laser1 Humidity","12/17/2019 8:58:09.054",,"65.7","%",192,"Good"
"STL Domae4 M1 Laser Humidity","STL Domae4 M1 Laser1 Humidity","12/17/2019 11:40:09.329",,"67.18","%",192,"Good"
"STL Domae4 M1 Laser Humidity","STL Domae4 M1 Laser1 Humidity","12/17/2019 2:22:09.769",,"66.59","%",192,"Good"
"STL Domae4 M1 Laser Humidity","STL Domae4 M1 Laser1 Humidity","12/17/2019 2:26:09.895",,"66.63","%",192,"Good"
"STL Domae4 M1 Laser Humidity","STL Domae4 M1 Laser1 Humidity","12/17/2019 4:34:10.364",,"67.69","%",192,"Good"
"STL Domae4 M1 Laser Humidity","STL Domae4 M1 Laser1 Humidity","12/17/2019 8:00:10.632",,"64.45","%",192,"Good"
"STL Domae4 M1 Laser Humidity","STL Domae4 M1 Laser1 Humidity","12/17/2019 8:02:10.688",,"64.44","%",192,"Good"
"STL Domae4 M1 Laser Humidity","STL Domae4 M1 Laser1 Humidity","12/17/2019 8:16:10.708",,"64.37","%",192,"Good"
"STL Domae4 M1 Laser Humidity","STL Domae4 M1 Laser1 Humidity","12/17/2019 11:12:11.047",,"66.21","%",192,"Good"
"STL Domae4 M1 Laser Humidity","STL Domae4 M1 Laser1 Humidity","12/18/2019 1:36:11.528",,"65.75","%",192,"Good"
"STL Domae4 M1 Laser Humidity","STL Domae4 M1 Laser1 Humidity","12/18/2019 1:38:11.433",,"65.8","%",192,"Good"
"STL Domae4 M1 Laser Humidity","STL Domae4 M1 Laser1 Humidity","12/18/2019 2:12:11.460",,"65.88","%",192,"Good"
"STL Domae4 M1 Laser Humidity","STL Domae4 M1 Laser1 Humidity","12/18/2019 7:10:12.143",,"63.86","%",192,"Good"
"STL Domae4 M1 Laser Humidity","STL Domae4 M1 Laser1 Humidity","12/18/2019 7:12:12.082",,"63.9","%",192,"Good"
"STL Domae4 M1 Laser Humidity","STL Domae4 M1 Laser1 Humidity","12/18/2019 10:14:12.328",,"63.53","%",192,"Good"
"STL Domae4 M1 Laser Humidity","STL Domae4 M1 Laser1 Humidity","12/18/2019 11:22:12.497",,"65.14","%",192,"Good"
"STL Domae4 M1 Laser Humidity","STL Domae4 M1 Laser1 Humidity","12/18/2019 12:46:12.635",,"64.54","%",192,"Good"
"STL Domae4 M1 Laser Humidity","STL Domae4 M1 Laser1 Humidity","12/18/2019 12:48:12.836",,"64.54","%",192,"Good"
"STL Domae4 M1 Laser Humidity","STL Domae4 M1 Laser1 Humidity","12/18/2019 4:26:13.265",,"66.12","%",192,"Good"
"STL Domae4 M1 Laser Humidity","STL Domae4 M1 Laser1 Humidity","12/18/2019 6:22:13.408",,"64.28","%",192,"Good"
"STL Domae4 M1 Laser Humidity","STL Domae4 M1 Laser1 Humidity","12/18/2019 6:26:13.421",,"64.23","%",192,"Good"
"STL Domae4 M1 Laser Humidity","STL Domae4 M1 Laser1 Humidity","12/18/2019 11:30:14.231",,"62.6","%",192,"Good"
"STL Domae4 M1 Laser Humidity","STL Domae4 M1 Laser1 Humidity","12/18/2019 11:56:14.179",,"62.65","%",192,"Good"
"STL Domae4 M1 Laser Humidity","STL Domae4 M1 Laser1 Humidity","12/18/2019 11:58:14.146",,"62.63","%",192,"Good"
"STL Domae4 M1 Laser Humidity","STL Domae4 M1 Laser1 Humidity","12/19/2019 12:48:14.290",,"62.74","%",192,"Good"
"STL Domae4 M1 Laser Humidity","STL Domae4 M1 Laser1 Humidity","12/19/2019 5:28:14.911",,"62.15","%",192,"Good"
"STL Domae4 M1 Laser Humidity","STL Domae4 M1 Laser1 Humidity","12/19/2019 5:32:14.911",,"62.17","%",192,"Good"
"STL Domae4 M1 Laser Humidity","STL Domae4 M1 Laser1 Humidity","12/19/2019 5:34:14.979",,"62.19","%",192,"Good"
"STL Domae4 M1 Laser Humidity","STL Domae4 M1 Laser1 Humidity","12/19/2019 7:32:15.165",,"62.13","%",192,"Good"
"STL Domae4 M1 Laser Humidity","STL Domae4 M1 Laser1 Humidity","12/19/2019 11:00:15.900",,"64.65","%",192,"Good"
"STL Domae4 M1 Laser Humidity","STL Domae4 M1 Laser1 Humidity","12/19/2019 11:08:15.776",,"64.54","%",192,"Good"
"STL Domae4 M1 Laser Humidity","STL Domae4 M1 Laser1 Humidity","12/19/2019 11:10:15.858",,"64.59","%",192,"Good"
"STL Domae4 M1 Laser Humidity","STL Domae4 M1 Laser1 Humidity","12/19/2019 11:28:15.801",,"64.86","%",192,"Good"
"STL Domae4 M1 Laser Humidity","STL Domae4 M1 Laser1 Humidity","12/19/2019 4:44:16.425",,"62.78","%",192,"Good"
"STL Domae4 M1 Laser Humidity","STL Domae4 M1 Laser1 Humidity","12/19/2019 4:46:16.537",,"62.78","%",192,"Good"
"STL Domae4 M1 Laser Humidity","STL Domae4 M1 Laser1 Humidity","12/19/2019 8:52:17.245",,"61","%",192,"Good"
"STL Domae4 M1 Laser Humidity","STL Domae4 M1 Laser1 Humidity","12/19/2019 10:18:17.366",,"63.86","%",192,"Good"
"STL Domae4 M1 Laser Humidity","STL Domae4 M1 Laser1 Humidity","12/19/2019 10:20:17.527",,"63.9","%",192,"Good"
"STL Domae4 M1 Laser Humidity","STL Domae4 M1 Laser1 Humidity","12/20/2019 12:10:17.619",,"64.41","%",192,"Good"
"STL Domae4 M1 Laser Humidity","STL Domae4 M1 Laser1 Humidity","12/20/2019 3:48:18.316",,"63.49","%",192,"Good"
"STL Domae4 M1 Laser Humidity","STL Domae4 M1 Laser1 Humidity","12/20/2019 3:52:18.306",,"63.52","%",192,"Good"
"STL Domae4 M1 Laser Humidity","STL Domae4 M1 Laser1 Humidity","12/20/2019 3:56:18.333",,"63.51","%",192,"Good"
"STL Domae4 M1 Laser Humidity","STL Domae4 M1 Laser1 Humidity","12/20/2019 5:08:18.403",,"62.84","%",192,"Good"
"STL Domae4 M1 Laser Humidity","STL Domae4 M1 Laser1 Humidity","12/20/2019 9:26:18.888",,"63.52","%",192,"Good"
"STL Domae4 M1 Laser Humidity","STL Domae4 M1 Laser1 Humidity","12/20/2019 9:30:19.079",,"63.51","%",192,"Good"
"STL Domae4 M1 Laser Humidity","STL Domae4 M1 Laser1 Humidity","12/20/2019 9:32:18.857",,"63.51","%",192,"Good"
"STL Domae4 M1 Laser Humidity","STL Domae4 M1 Laser1 Humidity","12/20/2019 10:36:19.128",,"63.61","%",192,"Good"
"STL Domae4 M1 Laser Humidity","STL Domae4 M1 Laser1 Humidity","12/20/2019 1:50:19.763",,"63.09","%",192,"Good"
"STL Domae4 M1 Laser Humidity","STL Domae4 M1 Laser1 Humidity","12/20/2019 3:06:19.968",,"63.43","%",192,"Good"
"STL Domae4 M1 Laser Humidity","STL Domae4 M1 Laser1 Humidity","12/20/2019 3:08:19.931",,"63.43","%",192,"Good"
"STL Domae4 M1 Laser Humidity","STL Domae4 M1 Laser1 Humidity","12/20/2019 4:26:20.439",,"63.64","%",192,"Good"
"STL Domae4 M1 Laser Humidity","STL Domae4 M1 Laser1 Humidity","12/20/2019 7:44:20.352",,"61.23","%",192,"Good"
"STL Domae4 M1 Laser Humidity","STL Domae4 M1 Laser1 Humidity","12/20/2019 8:40:20.664",,"62.25","%",192,"Good"
"STL Domae4 M1 Laser Humidity","STL Domae4 M1 Laser1 Humidity","12/20/2019 8:42:20.537",,"62.36","%",192,"Good"
"STL Domae4 M1 Laser Humidity","STL Domae4 M1 Laser1 Humidity","12/20/2019 11:56:21.131",,"63.51","%",192,"Good"
"STL Domae4 M1 Laser Humidity","STL Domae4 M1 Laser1 Humidity","12/21/2019 2:16:21.514",,"62.45","%",192,"Good"
"STL Domae4 M1 Laser Humidity","STL Domae4 M1 Laser1 Humidity","12/21/2019 2:18:21.359",,"62.52","%",192,"Good"
"STL Domae4 M1 Laser Humidity","STL Domae4 M1 Laser1 Humidity","12/21/2019 5:22:22.333",,"60.9","%",192,"Good"
"STL Domae4 M1 Laser Humidity","STL Domae4 M1 Laser1 Humidity","12/21/2019 6:28:22.060",,"65.03","%",192,"Good"
"STL Domae4 M1 Laser Humidity","STL Domae4 M1 Laser1 Humidity","12/23/2019 10:42:49.322",,"70.21","%",192,"Good"
"STL Domae4 M1 Laser Humidity","STL Domae4 M1 Laser1 Humidity","12/23/2019 1:40:48.841",,"68.57","%",192,"Good"
"STL Domae4 M1 Laser Humidity","STL Domae4 M1 Laser1 Humidity","12/23/2019 3:46:49.164",,"69.46","%",192,"Good"
"STL Domae4 M1 Laser Humidity","STL Domae4 M1 Laser1 Humidity","12/23/2019 3:48:49.147",,"69.47","%",192,"Good"
"STL Domae4 M1 Laser Humidity","STL Domae4 M1 Laser1 Humidity","12/23/2019 4:32:49.308",,"69.61","%",192,"Good"
"STL Domae4 M1 Laser Humidity","STL Domae4 M1 Laser1 Humidity","12/23/2019 8:28:49.939",,"67.08","%",192,"Good"
"STL Domae4 M1 Laser Humidity","STL Domae4 M1 Laser1 Humidity","12/23/2019 9:22:49.870",,"67.51","%",192,"Good"
"STL Domae4 M1 Laser Humidity","STL Domae4 M1 Laser1 Humidity","12/23/2019 9:24:49.919",,"67.53","%",192,"Good"
"STL Domae4 M1 Laser Humidity","STL Domae4 M1 Laser1 Humidity","12/23/2019 10:04:49.816",,"67.82","%",192,"Good"
"STL Domae4 M1 Laser Humidity","STL Domae4 M1 Laser1 Humidity","12/24/2019 2:18:50.464",,"66.16","%",192,"Good"
"STL Domae4 M1 Laser Humidity","STL Domae4 M1 Laser1 Humidity","12/24/2019 2:56:50.530",,"66.64","%",192,"Good"
"STL Domae4 M1 Laser Humidity","STL Domae4 M1 Laser1 Humidity","12/24/2019 2:58:50.564",,"66.66","%",192,"Good"
"STL Domae4 M1 Laser Humidity","STL Domae4 M1 Laser1 Humidity","12/24/2019 3:54:50.823",,"66.85","%",192,"Good"
"STL Domae4 M1 Laser Humidity","STL Domae4 M1 Laser1 Humidity","12/24/2019 8:06:51.357",,"63.88","%",192,"Good"
"STL Domae4 M1 Laser Humidity","STL Domae4 M1 Laser1 Humidity","12/24/2019 8:32:51.330",,"64.71","%",192,"Good"
"STL Domae4 M1 Laser Humidity","STL Domae4 M1 Laser1 Humidity","12/24/2019 8:34:51.317",,"64.71","%",192,"Good"
"STL Domae4 M1 Laser Humidity","STL Domae4 M1 Laser1 Humidity","12/24/2019 12:14:52.108",,"64.62","%",192,"Good"
"STL Domae4 M1 Laser Humidity","STL Domae4 M1 Laser1 Humidity","12/24/2019 2:06:52.332",,"66.31","%",192,"Good"
"STL Domae4 M1 Laser Humidity","STL Domae4 M1 Laser1 Humidity","12/24/2019 2:10:52.430",,"66.32","%",192,"Good"
"STL Domae4 M1 Laser Humidity","STL Domae4 M1 Laser1 Humidity","12/24/2019 2:28:52.363",,"66.38","%",192,"Good"
"STL Domae4 M1 Laser Humidity","STL Domae4 M1 Laser1 Humidity","12/24/2019 7:42:53.305",,"63.22","%",192,"Good"
"STL Domae4 M1 Laser Humidity","STL Domae4 M1 Laser1 Humidity","12/24/2019 7:44:53.306",,"63.22","%",192,"Good"
"STL Domae4 M1 Laser Humidity","STL Domae4 M1 Laser1 Humidity","12/24/2019 7:46:53.335",,"63.22","%",192,"Good"
"STL Domae4 M1 Laser Humidity","STL Domae4 M1 Laser1 Humidity","12/24/2019 8:02:53.437",,"63.09","%",192,"Good"
"STL Domae4 M1 Laser Humidity","STL Domae4 M1 Laser1 Humidity","12/25/2019 12:04:53.892",,"65.19","%",192,"Good"
"STL Domae4 M1 Laser Humidity","STL Domae4 M1 Laser1 Humidity","12/25/2019 1:18:53.945",,"64.98","%",192,"Good"
"STL Domae4 M1 Laser Humidity","STL Domae4 M1 Laser1 Humidity","12/25/2019 1:20:54.156",,"65.01","%",192,"Good"
"STL Domae4 M1 Laser Humidity","STL Domae4 M1 Laser1 Humidity","12/25/2019 1:36:53.917",,"65.16","%",192,"Good"
"STL Domae4 M1 Laser Humidity","STL Domae4 M1 Laser1 Humidity","12/25/2019 1:52:53.975",,"64.27","%",192,"Good"
"STL Domae4 M1 Laser Humidity","STL Domae4 M1 Laser1 Humidity","12/25/2019 2:06:53.968",,"64.98","%",192,"Good"
"STL Domae4 M1 Laser Humidity","STL Domae4 M1 Laser1 Humidity","1/17/2020 11:01:35.148",,"63.77","%",192,"Good"
"STL Domae4 M1 Laser Humidity","STL Domae4 M1 Laser1 Humidity","1/17/2020 12:33:35.167",,"64.73","%",192,"Good"
"STL Domae4 M1 Laser Humidity","STL Domae4 M1 Laser1 Humidity","1/17/2020 2:03:35.689",,"64.63","%",192,"Good"
"STL Domae4 M1 Laser Humidity","STL Domae4 M1 Laser1 Humidity","1/17/2020 2:05:35.765",,"64.51","%",192,"Good"
"STL Domae4 M1 Laser Humidity","STL Domae4 M1 Laser1 Humidity","1/17/2020 4:59:35.748",,"64.53","%",192,"Good"
"STL Domae4 M1 Laser Humidity","STL Domae4 M1 Laser1 Humidity","1/17/2020 5:21:35.762",,"63.88","%",192,"Good"
"STL Domae4 M1 Laser Humidity","STL Domae4 M1 Laser1 Humidity","1/17/2020 7:39:35.589",,"64.37","%",192,"Good"
"STL Domae4 M1 Laser Humidity","STL Domae4 M1 Laser1 Humidity","1/17/2020 7:41:35.540",,"64.35","%",192,"Good"
"STL Domae4 M1 Laser Humidity","STL Domae4 M1 Laser1 Humidity","1/17/2020 9:01:36.336",,"64.14","%",192,"Good"
"STL Domae4 M1 Laser Humidity","STL Domae4 M1 Laser1 Humidity","1/17/2020 11:15:36.982",,"64.51","%",192,"Good"
"STL Domae4 M1 Laser Humidity","STL Domae4 M1 Laser1 Humidity","1/18/2020 1:13:37.158",,"64.48","%",192,"Good"
"STL Domae4 M1 Laser Humidity","STL Domae4 M1 Laser1 Humidity","1/18/2020 1:15:37.170",,"64.48","%",192,"Good"
"STL Domae4 M1 Laser Humidity","STL Domae4 M1 Laser1 Humidity","1/18/2020 1:17:37.214",,"64.45","%",192,"Good"
"STL Domae4 M1 Laser Humidity","STL Domae4 M1 Laser1 Humidity","1/18/2020 6:49:37.987",,"67.58","%",192,"Good"
"STL Domae4 M1 Laser Humidity","STL Domae4 M1 Laser1 Humidity","1/18/2020 6:51:37.916",,"67.73","%",192,"Good"
"STL Domae4 M1 Laser Humidity","STL Domae4 M1 Laser1 Humidity","1/18/2020 11:11:38.543",,"96.6","%",192,"Good"
"STL Domae4 M1 Laser Humidity","STL Domae4 M1 Laser1 Humidity","1/18/2020 11:13:38.599",,"96.6","%",192,"Good"
"STL Domae4 M1 Laser Humidity","STL Domae4 M1 Laser1 Humidity","1/18/2020 1:19:36.193",,"50.35","%",192,"Good"
"STL Domae4 M1 Laser Humidity","STL Domae4 M1 Laser1 Humidity","1/18/2020 1:21:36.181",,"50.19","%",192,"Good"
"STL Domae4 M1 Laser Humidity","STL Domae4 M1 Laser1 Humidity","1/18/2020 2:13:36.064",,"71.53","%",192,"Good"
"STL Domae4 M1 Laser Humidity","STL Domae4 M1 Laser1 Humidity","1/18/2020 6:01:37.576",,"61.16","%",192,"Good"
"STL Domae4 M1 Laser Humidity","STL Domae4 M1 Laser1 Humidity","1/18/2020 6:03:37.553",,"61.04","%",192,"Good"
"STL Domae4 M1 Laser Humidity","STL Domae4 M1 Laser1 Humidity","1/18/2020 11:35:37.256",,"52.92","%",192,"Good"
"STL Domae4 M1 Laser Humidity","STL Domae4 M1 Laser1 Humidity","1/18/2020 11:37:37.304",,"52.92","%",192,"Good"
"STL Domae4 M1 Laser Humidity","STL Domae4 M1 Laser1 Humidity","1/19/2020 5:07:38.928",,"48.67","%",192,"Good"
"STL Domae4 M1 Laser Humidity","STL Domae4 M1 Laser1 Humidity","1/19/2020 5:11:38.813",,"48.71","%",192,"Good"
"STL Domae4 M1 Laser Humidity","STL Domae4 M1 Laser1 Humidity","1/19/2020 5:13:38.825",,"48.71","%",192,"Good"
"STL Domae4 M1 Laser Humidity","STL Domae4 M1 Laser1 Humidity","1/19/2020 7:19:38.641",,"47.54","%",192,"Good"
"STL Domae4 M1 Laser Humidity","STL Domae4 M1 Laser1 Humidity","1/19/2020 7:51:38.605",,"49.02","%",192,"Good"
"STL Domae4 M1 Laser Humidity","STL Domae4 M1 Laser1 Humidity","1/20/2020 2:25:00.056",,"49.38","%",192,"Good"
"STL Domae4 M1 Laser Humidity","STL Domae4 M1 Laser1 Humidity","1/20/2020 2:40:59.716",,"48.98","%",192,"Good"
"STL Domae4 M1 Laser Humidity","STL Domae4 M1 Laser1 Humidity","1/20/2020 2:44:59.592",,"48.98","%",192,"Good"
"STL Domae4 M1 Laser Humidity","STL Domae4 M1 Laser1 Humidity","1/20/2020 2:46:59.595",,"48.87","%",192,"Good"
"STL Domae4 M1 Laser Humidity","STL Domae4 M1 Laser1 Humidity","1/20/2020 4:30:59.504",,"47.34","%",192,"Good"
"STL Domae4 M1 Laser Humidity","STL Domae4 M1 Laser1 Humidity","1/20/2020 8:18:59.748",,"47.81","%",192,"Good"
"STL Domae4 M1 Laser Humidity","STL Domae4 M1 Laser1 Humidity","1/20/2020 8:22:59.868",,"47.79","%",192,"Good"
"STL Domae4 M1 Laser Humidity","STL Domae4 M1 Laser1 Humidity","1/21/2020 1:55:00.527",,"44.7","%",192,"Good"
"STL Domae4 M1 Laser Humidity","STL Domae4 M1 Laser1 Humidity","1/21/2020 1:57:00.506",,"44.7","%",192,"Good"
"STL Domae4 M1 Laser Humidity","STL Domae4 M1 Laser1 Humidity","1/21/2020 2:23:00.587",,"44.91","%",192,"Good"
"STL Domae4 M1 Laser Humidity","STL Domae4 M1 Laser1 Humidity","1/21/2020 6:59:00.816",,"43.46","%",192,"Good"
"STL Domae4 M1 Laser Humidity","STL Domae4 M1 Laser1 Humidity","1/21/2020 7:31:00.555",,"43.74","%",192,"Good"
"STL Domae4 M1 Laser Humidity","STL Domae4 M1 Laser1 Humidity","1/21/2020 7:33:00.555",,"43.74","%",192,"Good"
"STL Domae4 M1 Laser Humidity","STL Domae4 M1 Laser1 Humidity","1/21/2020 8:25:00.155",,"43.98","%",192,"Good"
"STL Domae4 M1 Laser Humidity","STL Domae4 M1 Laser1 Humidity","1/21/2020 1:03:01.142",,"42.5","%",192,"Good"
"STL Domae4 M1 Laser Humidity","STL Domae4 M1 Laser1 Humidity","1/21/2020 1:07:01.306",,"42.5","%",192,"Good"
"STL Domae4 M1 Laser Humidity","STL Domae4 M1 Laser1 Humidity","1/21/2020 1:09:01.332",,"42.43","%",192,"Good"
"STL Domae4 M1 Laser Humidity","STL Domae4 M1 Laser1 Humidity","1/21/2020 2:11:02.313",,"41.76","%",192,"Good"
"STL Domae4 M1 Laser Humidity","STL Domae4 M1 Laser1 Humidity","1/21/2020 6:11:01.904",,"44.04","%",192,"Good"
"STL Domae4 M1 Laser Humidity","STL Domae4 M1 Laser1 Humidity","1/21/2020 6:43:01.900",,"43.99","%",192,"Good"
"STL Domae4 M1 Laser Humidity","STL Domae4 M1 Laser1 Humidity","1/21/2020 6:45:02.002",,"43.99","%",192,"Good"
"STL Domae4 M1 Laser Humidity","STL Domae4 M1 Laser1 Humidity","1/22/2020 12:17:02.721",,"42.91","%",192,"Good"
"STL Domae4 M1 Laser Humidity","STL Domae4 M1 Laser1 Humidity","1/22/2020 12:19:02.778",,"42.91","%",192,"Good"
"STL Domae4 M1 Laser Humidity","STL Domae4 M1 Laser1 Humidity","1/22/2020 12:27:02.777",,"42.87","%",192,"Good"
"STL Domae4 M1 Laser Humidity","STL Domae4 M1 Laser1 Humidity","1/22/2020 5:49:03.496",,"44.6","%",192,"Good"
"STL Domae4 M1 Laser Humidity","STL Domae4 M1 Laser1 Humidity","1/22/2020 5:53:03.507",,"44.59","%",192,"Good"
"STL Domae4 M1 Laser Humidity","STL Domae4 M1 Laser1 Humidity","1/22/2020 5:55:03.409",,"44.61","%",192,"Good"
"STL Domae4 M1 Laser Humidity","STL Domae4 M1 Laser1 Humidity","1/22/2020 8:07:02.956",,"45.49","%",192,"Good"
"STL Domae4 M1 Laser Humidity","STL Domae4 M1 Laser1 Humidity","1/22/2020 11:27:02.228",,"44.13","%",192,"Good"
"STL Domae4 M1 Laser Humidity","STL Domae4 M1 Laser1 Humidity","1/22/2020 11:29:02.002",,"44.13","%",192,"Good"
"STL Domae4 M1 Laser Humidity","STL Domae4 M1 Laser1 Humidity","1/22/2020 11:31:02.024",,"44.13","%",192,"Good"
"STL Domae4 M1 Laser Humidity","STL Domae4 M1 Laser1 Humidity","1/22/2020 11:45:01.972",,"44.35","%",192,"Good"
"STL Domae4 M1 Laser Humidity","STL Domae4 M1 Laser1 Humidity","1/22/2020 5:03:04.061",,"42.35","%",192,"Good"
"STL Domae4 M1 Laser Humidity","STL Domae4 M1 Laser1 Humidity","1/22/2020 5:05:05.103",,"42.34","%",192,"Good"
"STL Domae4 M1 Laser Humidity","STL Domae4 M1 Laser1 Humidity","1/22/2020 6:03:03.885",,"43.43","%",192,"Good"
"STL Domae4 M1 Laser Humidity","STL Domae4 M1 Laser1 Humidity","1/22/2020 10:23:04.946",,"41.94","%",192,"Good"
"STL Domae4 M1 Laser Humidity","STL Domae4 M1 Laser1 Humidity","1/22/2020 10:39:05.089",,"42.08","%",192,"Good"
"STL Domae4 M1 Laser Humidity","STL Domae4 M1 Laser1 Humidity","1/22/2020 10:41:05.152",,"42.04","%",192,"Good"
"STL Domae4 M1 Laser Humidity","STL Domae4 M1 Laser1 Humidity","1/23/2020 12:33:05.981",,"41.5","%",192,"Good"
"STL Domae4 M1 Laser Humidity","STL Domae4 M1 Laser1 Humidity","1/23/2020 4:15:05.109",,"41.65","%",192,"Good"
"STL Domae4 M1 Laser Humidity","STL Domae4 M1 Laser1 Humidity","1/23/2020 4:17:05.209",,"41.65","%",192,"Good"
"STL Domae4 M1 Laser Humidity","STL Domae4 M1 Laser1 Humidity","1/23/2020 6:53:06.289",,"41.11","%",192,"Good"
"STL Domae4 M1 Laser Humidity","STL Domae4 M1 Laser1 Humidity","1/23/2020 9:43:06.986",,"41.77","%",192,"Good"
"STL Domae4 M1 Laser Humidity","STL Domae4 M1 Laser1 Humidity","1/23/2020 9:49:07.086",,"41.77","%",192,"Good"
"STL Domae4 M1 Laser Humidity","STL Domae4 M1 Laser1 Humidity","1/23/2020 9:53:07.166",,"41.76","%",192,"Good"
"STL Domae4 M1 Laser Humidity","STL Domae4 M1 Laser1 Humidity","1/23/2020 3:11:06.345",,"38.34","%",192,"Good"
"STL Domae4 M1 Laser Humidity","STL Domae4 M1 Laser1 Humidity","1/23/2020 3:25:06.582",,"38.34","%",192,"Good"
"STL Domae4 M1 Laser Humidity","STL Domae4 M1 Laser1 Humidity","1/23/2020 3:27:06.710",,"38.39","%",192,"Good"
"STL Domae4 M1 Laser Humidity","STL Domae4 M1 Laser1 Humidity","1/23/2020 8:39:08.468",,"39.98","%",192,"Good"
"STL Domae4 M1 Laser Humidity","STL Domae4 M1 Laser1 Humidity","1/23/2020 9:01:08.339",,"39.86","%",192,"Good"
"STL Domae4 M1 Laser Humidity","STL Domae4 M1 Laser1 Humidity","1/23/2020 9:03:08.217",,"39.83","%",192,"Good"
"STL Domae4 M1 Laser Humidity","STL Domae4 M1 Laser1 Humidity","1/24/2020 12:49:08.247",,"38.75","%",192,"Good"
"STL Domae4 M1 Laser Humidity","STL Domae4 M1 Laser1 Humidity","1/24/2020 2:37:09.389",,"38.87","%",192,"Good"
"STL Domae4 M1 Laser Humidity","STL Domae4 M1 Laser1 Humidity","1/24/2020 2:39:09.579",,"38.87","%",192,"Good"
"STL Domae4 M1 Laser Humidity","STL Domae4 M1 Laser1 Humidity","1/24/2020 5:05:09.800",,"38.48","%",192,"Good"
"STL Domae4 M1 Laser Humidity","STL Domae4 M1 Laser1 Humidity","1/24/2020 8:13:09.214",,"39.11","%",192,"Good"
"STL Domae4 M1 Laser Humidity","STL Domae4 M1 Laser1 Humidity","1/24/2020 8:15:09.208",,"39.13","%",192,"Good"
"STL Domae4 M1 Laser Humidity","STL Domae4 M1 Laser1 Humidity","1/24/2020 11:39:10.756",,"39.5","%",192,"Good"
"STL Domae4 M1 Laser Humidity","STL Domae4 M1 Laser1 Humidity","1/24/2020 1:47:10.984",,"37.69","%",192,"Good"
"STL Domae4 M1 Laser Humidity","STL Domae4 M1 Laser1 Humidity","1/24/2020 1:49:11.244",,"37.69","%",192,"Good"
"STL Domae4 M1 Laser Humidity","STL Domae4 M1 Laser1 Humidity","1/24/2020 2:27:11.267",,"37.52","%",192,"Good"
"STL Domae4 M1 Laser Humidity","STL Domae4 M1 Laser1 Humidity","1/24/2020 6:45:10.811",,"39.04","%",192,"Good"
"STL Domae4 M1 Laser Humidity","STL Domae4 M1 Laser1 Humidity","1/24/2020 7:23:11.621",,"38.9","%",192,"Good"
"STL Domae4 M1 Laser Humidity","STL Domae4 M1 Laser1 Humidity","1/24/2020 7:25:11.550",,"38.86","%",192,"Good"
"STL Domae4 M1 Laser Humidity","STL Domae4 M1 Laser1 Humidity","1/24/2020 8:19:12.262",,"39.76","%",192,"Good"
"STL Domae4 M1 Laser Humidity","STL Domae4 M1 Laser1 Humidity","1/25/2020 12:35:12.402",,"37.78","%",192,"Good"
"STL Domae4 M1 Laser Humidity","STL Domae4 M1 Laser1 Humidity","1/25/2020 12:59:12.271",,"37.93","%",192,"Good"
"STL Domae4 M1 Laser Humidity","STL Domae4 M1 Laser1 Humidity","1/25/2020 1:01:12.498",,"37.93","%",192,"Good"
"STL Domae4 M1 Laser Humidity","STL Domae4 M1 Laser1 Humidity","1/25/2020 1:49:12.060",,"38","%",192,"Good"
"STL Domae4 M1 Laser Humidity","STL Domae4 M1 Laser1 Humidity","1/25/2020 5:25:14.154",,"37.46","%",192,"Good"
"STL Domae4 M1 Laser Humidity","STL Domae4 M1 Laser1 Humidity","1/25/2020 6:35:14.363",,"37.6","%",192,"Good"
"STL Domae4 M1 Laser Humidity","STL Domae4 M1 Laser1 Humidity","1/25/2020 6:37:14.360",,"37.6","%",192,"Good"
"STL Domae4 M1 Laser Humidity","STL Domae4 M1 Laser1 Humidity","1/25/2020 6:59:14.360",,"37.47","%",192,"Good"
"STL Domae4 M1 Laser Humidity","STL Domae4 M1 Laser1 Humidity","1/25/2020 12:09:13.484",,"38.54","%",192,"Good"
"STL Domae4 M1 Laser Humidity","STL Domae4 M1 Laser1 Humidity","1/25/2020 12:11:13.566",,"38.56","%",192,"Good"
"STL Domae4 M1 Laser Humidity","STL Domae4 M1 Laser1 Humidity","1/25/2020 12:37:13.671",,"38.7","%",192,"Good"
"STL Domae4 M1 Laser Humidity","STL Domae4 M1 Laser1 Humidity","1/25/2020 4:29:15.754",,"37.37","%",192,"Good"
"STL Domae4 M1 Laser Humidity","STL Domae4 M1 Laser1 Humidity","1/25/2020 5:45:15.717",,"38.18","%",192,"Good"
"STL Domae4 M1 Laser Humidity","STL Domae4 M1 Laser1 Humidity","1/25/2020 5:47:15.672",,"38.18","%",192,"Good"
"STL Domae4 M1 Laser Humidity","STL Domae4 M1 Laser1 Humidity","1/25/2020 9:23:14.966",,"37.53","%",192,"Good"
"STL Domae4 M1 Laser Humidity","STL Domae4 M1 Laser1 Humidity","1/25/2020 11:05:16.408",,"38.3","%",192,"Good"
"STL Domae4 M1 Laser Humidity","STL Domae4 M1 Laser1 Humidity","1/25/2020 11:19:16.527",,"38.21","%",192,"Good"
"STL Domae4 M1 Laser Humidity","STL Domae4 M1 Laser1 Humidity","1/25/2020 11:23:16.594",,"38.2","%",192,"Good"
"STL Domae4 M1 Laser Humidity","STL Domae4 M1 Laser1 Humidity","1/26/2020 12:23:16.928",,"37.8","%",192,"Good"
"STL Domae4 M1 Laser Humidity","STL Domae4 M1 Laser1 Humidity","1/26/2020 4:01:16.746",,"38.91","%",192,"Good"
"STL Domae4 M1 Laser Humidity","STL Domae4 M1 Laser1 Humidity","1/26/2020 4:55:16.647",,"38.71","%",192,"Good"
"STL Domae4 M1 Laser Humidity","STL Domae4 M1 Laser1 Humidity","1/26/2020 4:57:16.539",,"38.69","%",192,"Good"
"STL Domae4 M1 Laser Humidity","STL Domae4 M1 Laser1 Humidity","1/26/2020 5:09:16.649",,"38.6","%",192,"Good"
"STL Domae4 M1 Laser Humidity","STL Domae4 M1 Laser1 Humidity","1/26/2020 10:27:18.175",,"39.63","%",192,"Good"
"STL Domae4 M1 Laser Humidity","STL Domae4 M1 Laser1 Humidity","1/26/2020 10:31:18.140",,"39.63","%",192,"Good"
"STL Domae4 M1 Laser Humidity","STL Domae4 M1 Laser1 Humidity","1/26/2020 10:33:18.143",,"39.63","%",192,"Good"
"STL Domae4 M1 Laser Humidity","STL Domae4 M1 Laser1 Humidity","1/26/2020 11:59:18.445",,"40.29","%",192,"Good"
"STL Domae4 M1 Laser Humidity","STL Domae4 M1 Laser1 Humidity","1/27/2020 11:58:13.551",,"41.81","%",192,"Good"
"STL Domae4 M1 Laser Humidity","STL Domae4 M1 Laser1 Humidity","1/27/2020 2:28:12.722",,"38.84","%",192,"Good"
"STL Domae4 M1 Laser Humidity","STL Domae4 M1 Laser1 Humidity","1/27/2020 2:30:12.681",,"38.78","%",192,"Good"
"STL Domae4 M1 Laser Humidity","STL Domae4 M1 Laser1 Humidity","1/27/2020 5:10:12.262",,"36.71","%",192,"Good"
"STL Domae4 M1 Laser Humidity","STL Domae4 M1 Laser1 Humidity","1/27/2020 8:04:13.477",,"38.13","%",192,"Good"
"STL Domae4 M1 Laser Humidity","STL Domae4 M1 Laser1 Humidity","1/27/2020 8:06:13.379",,"38.13","%",192,"Good"
"STL Domae4 M1 Laser Humidity","STL Domae4 M1 Laser1 Humidity","1/27/2020 8:50:13.757",,"38.28","%",192,"Good"
"STL Domae4 M1 Laser Humidity","STL Domae4 M1 Laser1 Humidity","1/28/2020 1:34:14.202",,"36.53","%",192,"Good"
"STL Domae4 M1 Laser Humidity","STL Domae4 M1 Laser1 Humidity","1/28/2020 1:40:14.465",,"36.54","%",192,"Good"
"STL Domae4 M1 Laser Humidity","STL Domae4 M1 Laser1 Humidity","1/28/2020 1:42:14.440",,"36.54","%",192,"Good"
"STL Domae4 M1 Laser Humidity","STL Domae4 M1 Laser1 Humidity","1/28/2020 7:16:16.688",,"34.43","%",192,"Good"
"STL Domae4 M1 Laser Humidity","STL Domae4 M1 Laser1 Humidity","1/28/2020 7:18:16.279",,"34.42","%",192,"Good"
"STL Domae4 M1 Laser Humidity","STL Domae4 M1 Laser1 Humidity","1/28/2020 8:10:15.817",,"34.61","%",192,"Good"
"STL Domae4 M1 Laser Humidity","STL Domae4 M1 Laser1 Humidity","1/28/2020 12:50:16.822",,"33.96","%",192,"Good"
"STL Domae4 M1 Laser Humidity","STL Domae4 M1 Laser1 Humidity","1/28/2020 12:52:02.000",,"33.96","%",192,"Good"